# This file uses centimeters as units for non-parametric coordinates.

mtllib fench pillar two.mtl
g default
v -367.186198 94.309326 7147.547363
v -371.808360 94.309326 7146.553223
v -374.980509 94.309326 7150.058594
v -373.530497 94.309326 7154.558594
v -368.908366 94.309326 7155.553223
v -365.736186 94.309326 7152.047363
v -370.008219 113.782753 7150.666016
v -371.149546 91.469734 7148.650879
v -368.752543 91.469734 7149.166504
v -368.000590 91.469734 7151.500488
v -369.645609 91.469734 7153.318359
v -372.042643 91.469734 7152.802734
v -373.335124 92.038780 7150.412598
v -372.504710 94.309326 7144.392090
v -365.662760 94.309326 7145.863770
v -363.516398 94.309326 7152.524902
v -368.211985 94.309326 7157.714355
v -375.053935 94.309326 7156.242188
v -377.200297 94.309326 7149.581055
v -367.137919 91.469734 7147.382324
v -372.208750 92.038780 7145.310547
v -376.256815 92.038780 7149.784180
v -374.406443 92.038780 7155.526855
v -368.907603 91.469734 7155.608887
v -365.647929 91.469734 7152.006348
v -370.015757 113.782753 7150.664551
v -370.020976 113.782753 7150.670410
v -370.018595 113.782753 7150.677734
v -370.011027 113.782753 7150.679199
v -370.005839 113.782753 7150.673340
v -369.060496 101.949196 7152.584961
v -371.307108 101.949196 7152.101562
v -372.011851 101.949196 7149.914062
v -370.470011 101.949196 7148.210449
v -368.223429 101.949196 7148.693359
v -367.518626 101.949196 7150.880859
v -369.521464 106.160057 7152.042480
v -370.971354 106.160057 7151.730469
v -371.426188 106.160057 7150.318848
v -370.431132 106.160057 7149.219238
v -368.981272 106.160057 7149.531250
v -368.526408 106.160057 7150.942871
v -370.599070 83.380699 7148.042480
v -368.202067 83.380699 7148.558105
v -367.450114 83.380699 7150.892090
v -369.095133 83.380699 7152.709961
v -371.492167 83.380699 7152.194336
v -372.244120 83.380699 7149.860840
v -369.151286 88.408005 7152.771973
v -367.506236 88.408005 7150.954102
v -368.258189 88.408005 7148.620117
v -370.655192 88.408005 7148.104492
v -372.300272 88.408005 7149.922852
v -371.548289 88.408005 7152.256348
v -369.325633 85.448654 7152.964844
v -367.680583 85.448654 7151.146484
v -368.432536 85.448654 7148.812988
v -370.829539 85.448654 7148.297363
v -372.474589 85.448654 7150.115234
v -371.722636 85.448654 7152.449219
v -369.623332 39.710861 7153.293457
v -367.978251 39.710861 7151.475586
v -368.730235 39.710861 7149.142090
v -371.127238 39.710861 7148.626465
v -372.772288 39.710861 7150.444336
v -372.020335 39.710861 7152.777832
v -368.510264 0.000023 7152.063477
v -366.865214 0.000023 7150.245605
v -367.617167 0.000023 7147.911621
v -370.014201 0.000023 7147.395996
v -371.659220 0.000023 7149.214355
v -370.907267 0.000023 7151.547852
v -367.196696 61.314838 7150.611816
v -367.948679 61.314838 7148.278320
v -370.345683 61.314838 7147.762695
v -371.990733 61.314838 7149.580566
v -371.238780 61.314838 7151.914062
v -368.841776 61.314838 7152.429688
v -351.653697 108.399490 7150.909668
v -349.289744 108.399490 7155.003906
v -344.561839 108.399490 7155.003906
v -342.197886 108.399490 7150.909668
v -344.561839 108.399490 7146.814941
v -349.289744 108.399490 7146.814941
v -347.447672 127.872910 7150.909668
v -348.176127 105.559898 7153.107910
v -349.402049 105.559898 7150.984375
v -348.176096 105.559898 7148.861328
v -345.724284 105.559898 7148.861328
v -344.498362 105.559898 7150.984375
v -345.403330 106.128944 7153.546387
v -350.425028 108.399490 7156.970215
v -353.924235 108.399490 7150.909668
v -350.425028 108.399490 7144.848633
v -343.426585 108.399490 7144.848633
v -339.927348 108.399490 7150.909668
v -343.426554 108.399490 7156.970215
v -351.808512 105.559898 7150.984375
v -349.942515 106.128944 7156.134766
v -343.909098 106.128944 7156.134766
v -340.892374 106.128944 7150.909668
v -344.521037 105.559898 7146.776855
v -349.379374 105.559898 7146.777344
v -347.443797 127.872910 7150.916016
v -347.436076 127.872910 7150.916016
v -347.432200 127.872910 7150.909668
v -347.436076 127.872910 7150.902832
v -347.443797 127.872910 7150.902832
v -346.660746 116.039352 7148.919434
v -345.511759 116.039352 7150.909668
v -346.660746 116.039352 7152.899414
v -348.958781 116.039352 7152.899414
v -350.107768 116.039352 7150.909668
v -348.958781 116.039352 7148.919434
v -346.753703 120.250221 7149.625000
v -346.012187 120.250221 7150.909668
v -346.753703 120.250221 7152.193848
v -348.236735 120.250221 7152.193848
v -348.978251 120.250221 7150.909668
v -348.236735 120.250221 7149.625000
v -348.996592 97.470863 7153.107910
v -350.222514 97.470863 7150.984375
v -348.996562 97.470863 7148.861328
v -346.544718 97.470863 7148.861328
v -345.318827 97.470863 7150.984375
v -346.544718 97.470863 7153.107910
v -346.461070 102.498161 7148.861328
v -348.912943 102.498161 7148.861328
v -350.138834 102.498161 7150.984375
v -348.912913 102.498161 7153.107910
v -346.461070 102.498161 7153.107910
v -345.235148 102.498161 7150.984375
v -346.201212 99.538818 7148.861328
v -348.653056 99.538818 7148.861328
v -349.878977 99.538818 7150.984375
v -348.653056 99.538818 7153.107910
v -346.201212 99.538818 7153.107910
v -344.975291 99.538818 7150.984375
v -345.757548 39.710861 7148.861328
v -348.209391 39.710861 7148.861328
v -349.435282 39.710861 7150.984375
v -348.209391 39.710861 7153.107910
v -345.757548 39.710861 7153.107910
v -344.531596 39.710861 7150.984375
v -347.416483 0.000023 7148.861328
v -349.868327 0.000023 7148.861328
v -351.094248 0.000023 7150.984375
v -349.868327 0.000023 7153.107910
v -347.416483 0.000023 7153.107910
v -346.190562 0.000023 7150.984375
v -349.374247 75.404999 7148.861328
v -350.600138 75.404999 7150.984375
v -349.374247 75.404999 7153.107910
v -346.922373 75.404999 7153.107910
v -345.696452 75.404999 7150.984375
v -346.922373 75.404999 7148.861328
v -329.420969 108.399490 7154.427246
v -324.797282 108.399490 7155.414062
v -321.630534 108.399490 7151.903809
v -323.087443 108.399490 7147.405762
v -327.711131 108.399490 7146.418457
v -330.877909 108.399490 7149.929199
v -326.603739 127.872910 7151.303711
v -325.459330 105.559898 7153.317383
v -327.857096 105.559898 7152.805176
v -328.612650 105.559898 7150.472656
v -326.970408 105.559898 7148.652344
v -324.572611 105.559898 7149.164062
v -323.276408 106.128944 7151.552246
v -324.097605 108.399490 7157.574219
v -330.941782 108.399490 7156.112793
v -333.098368 108.399490 7149.455078
v -328.410807 108.399490 7144.258789
v -321.566630 108.399490 7145.719727
v -319.410014 108.399490 7152.377441
v -329.468974 105.559898 7154.592285
v -324.394968 106.128944 7156.656250
v -320.353800 106.128944 7152.176270
v -322.212992 106.128944 7146.436523
v -327.711985 105.559898 7146.362793
v -330.966074 105.559898 7149.970215
v -326.596201 127.872910 7151.305664
v -326.591013 127.872910 7151.299805
v -326.593394 127.872910 7151.292480
v -326.600932 127.872910 7151.291016
v -326.606150 127.872910 7151.296387
v -327.554423 116.039352 7149.386719
v -325.307078 116.039352 7149.866211
v -324.598948 116.039352 7152.052734
v -326.138163 116.039352 7153.758789
v -328.385539 116.039352 7153.279297
v -329.093668 116.039352 7151.092773
v -327.092631 120.250221 7149.928223
v -325.642283 120.250221 7150.237793
v -325.185252 120.250221 7151.648926
v -326.178599 120.250221 7152.750000
v -327.628947 120.250221 7152.440430
v -328.085947 120.250221 7151.029785
v -326.008860 97.470863 7153.926758
v -328.406657 97.470863 7153.414551
v -329.162211 97.470863 7151.082031
v -327.519938 97.470863 7149.261230
v -325.122141 97.470863 7149.773438
v -324.366618 97.470863 7152.105957
v -327.463908 102.498161 7149.199219
v -329.106181 102.498161 7151.020020
v -328.350626 102.498161 7153.352539
v -325.952830 102.498161 7153.864258
v -324.310557 102.498161 7152.043945
v -325.066111 102.498161 7149.711426
v -327.289866 99.538818 7149.006348
v -328.932108 99.538818 7150.827148
v -328.176585 99.538818 7153.159668
v -325.778788 99.538818 7153.671387
v -324.136515 99.538818 7151.850586
v -324.892069 99.538818 7149.518555
v -326.992686 39.710861 7148.676758
v -328.634928 39.710861 7150.497559
v -327.879374 39.710861 7152.830078
v -325.481608 39.710861 7153.341797
v -323.839335 39.710861 7151.521484
v -324.594889 39.710861 7149.188965
v -328.103861 0.000023 7149.908691
v -329.746104 0.000023 7151.729492
v -328.990550 0.000023 7154.062012
v -326.592753 0.000023 7154.573730
v -324.950510 0.000023 7152.753418
v -325.706034 0.000023 7150.420898
v -329.415141 75.404999 7151.362305
v -328.659617 75.404999 7153.694824
v -326.261820 75.404999 7154.207031
v -324.619547 75.404999 7152.386230
v -325.375102 75.404999 7150.053711
v -327.772929 75.404999 7149.541992
v -302.814982 94.309326 7147.547363
v -307.437144 94.309326 7146.553223
v -310.609324 94.309326 7150.059082
v -309.159342 94.309326 7154.559082
v -304.537150 94.309326 7155.553223
v -301.364970 94.309326 7152.047363
v -305.637003 113.782753 7150.666504
v -306.778361 91.469734 7148.651367
v -304.381327 91.469734 7149.166992
v -303.629374 91.469734 7151.500488
v -305.274424 91.469734 7153.318359
v -307.671427 91.469734 7152.802734
v -308.963938 92.038780 7150.413086
v -308.133494 94.309326 7144.392090
v -301.291605 94.309326 7145.863770
v -299.145243 94.309326 7152.524902
v -303.840800 94.309326 7157.714355
v -310.682719 94.309326 7156.242676
v -312.829112 94.309326 7149.581543
v -302.766734 91.469734 7147.382324
v -307.837565 92.038780 7145.310547
v -311.885630 92.038780 7149.784180
v -310.035258 92.038780 7155.526855
v -304.536417 91.469734 7155.608887
v -301.276743 91.469734 7152.006348
v -305.644572 113.782753 7150.664551
v -305.649760 113.782753 7150.670410
v -305.647379 113.782753 7150.677734
v -305.639842 113.782753 7150.679199
v -305.634623 113.782753 7150.673828
v -304.689311 101.949196 7152.584961
v -306.935893 101.949196 7152.101562
v -307.640696 101.949196 7149.914551
v -306.098856 101.949196 7148.210449
v -303.852213 101.949196 7148.693848
v -303.147440 101.949196 7150.880859
v -305.150279 106.160057 7152.042480
v -306.600138 106.160057 7151.730469
v -307.054972 106.160057 7150.319336
v -306.059947 106.160057 7149.219238
v -304.610087 106.160057 7149.531250
v -304.155253 106.160057 7150.942871
v -306.227885 83.380699 7148.042969
v -303.830851 83.380699 7148.558594
v -303.078898 83.380699 7150.892090
v -304.723948 83.380699 7152.709961
v -307.120951 83.380699 7152.194336
v -307.872904 83.380699 7149.860840
v -304.780100 88.408005 7152.771973
v -303.135050 88.408005 7150.954102
v -303.887003 88.408005 7148.620605
v -306.284007 88.408005 7148.104980
v -307.929057 88.408005 7149.922852
v -307.177104 88.408005 7152.256348
v -304.954447 85.448654 7152.964844
v -303.309367 85.448654 7151.146973
v -304.061350 85.448654 7148.812988
v -306.458354 85.448654 7148.297363
v -308.103404 85.448654 7150.115723
v -307.351450 85.448654 7152.449219
v -305.252116 39.710861 7153.293945
v -303.607066 39.710861 7151.475586
v -304.359019 39.710861 7149.142090
v -306.756022 39.710861 7148.626465
v -308.401103 39.710861 7150.444336
v -307.649119 39.710861 7152.778320
v -304.139079 0.000023 7152.063965
v -302.493998 0.000023 7150.245605
v -303.245982 0.000023 7147.912109
v -305.642985 0.000023 7147.396484
v -307.288035 0.000023 7149.214355
v -306.536082 0.000023 7151.548340
v -302.825541 61.314838 7150.612305
v -303.577494 61.314838 7148.278320
v -305.974497 61.314838 7147.762695
v -307.619547 61.314838 7149.581055
v -306.867594 61.314838 7151.914551
v -304.470591 61.314838 7152.430176
v -287.282511 108.399490 7150.909668
v -284.918559 108.399490 7155.004395
v -280.190653 108.399490 7155.004395
v -277.826701 108.399490 7150.909668
v -280.190653 108.399490 7146.815430
v -284.918559 108.399490 7146.815430
v -283.076457 127.872910 7150.909668
v -283.804911 105.559898 7153.107910
v -285.030863 105.559898 7150.984863
v -283.804942 105.559898 7148.861328
v -281.353068 105.559898 7148.861328
v -280.127177 105.559898 7150.984863
v -281.032145 106.128944 7153.546875
v -286.053843 108.399490 7156.970703
v -289.553050 108.399490 7150.909668
v -286.053843 108.399490 7144.848633
v -279.055399 108.399490 7144.848633
v -275.556162 108.399490 7150.909668
v -279.055399 108.399490 7156.970703
v -287.437327 105.559898 7150.984863
v -285.571299 106.128944 7156.134766
v -279.537882 106.128944 7156.134766
v -276.521159 106.128944 7150.909668
v -280.149851 105.559898 7146.777344
v -285.008158 105.559898 7146.777344
v -283.072611 127.872910 7150.916504
v -283.064860 127.872910 7150.916504
v -283.061015 127.872910 7150.909668
v -283.064860 127.872910 7150.902832
v -283.072611 127.872910 7150.902832
v -282.289591 116.039352 7148.919434
v -281.140543 116.039352 7150.909668
v -282.289561 116.039352 7152.899902
v -284.587565 116.039352 7152.899902
v -285.736552 116.039352 7150.909668
v -284.587565 116.039352 7148.919434
v -282.382487 120.250221 7149.625488
v -281.641001 120.250221 7150.909668
v -282.382487 120.250221 7152.193848
v -283.865550 120.250221 7152.193848
v -284.607035 120.250221 7150.909668
v -283.865519 120.250221 7149.625488
v -284.625376 97.470863 7153.107910
v -285.851298 97.470863 7150.984863
v -284.625376 97.470863 7148.861328
v -282.173533 97.470863 7148.861328
v -280.947611 97.470863 7150.984863
v -282.173563 97.470863 7153.107910
v -282.089884 102.498161 7148.861328
v -284.541728 102.498161 7148.861328
v -285.767649 102.498161 7150.984863
v -284.541728 102.498161 7153.107910
v -282.089884 102.498161 7153.107910
v -280.863963 102.498161 7150.984863
v -281.830027 99.538818 7148.861328
v -284.281870 99.538818 7148.861328
v -285.507792 99.538818 7150.984863
v -284.281870 99.538818 7153.107910
v -281.830027 99.538818 7153.107910
v -280.604105 99.538818 7150.984863
v -281.386332 39.710861 7148.861328
v -283.838175 39.710861 7148.861328
v -285.064097 39.710861 7150.984863
v -283.838175 39.710861 7153.107910
v -281.386332 39.710861 7153.107910
v -280.160441 39.710861 7150.984863
v -283.045268 0.000023 7148.861328
v -285.497111 0.000023 7148.861328
v -286.723063 0.000023 7150.984863
v -285.497111 0.000023 7153.107910
v -283.045268 0.000023 7153.107910
v -281.819376 0.000023 7150.984863
v -285.003031 75.404999 7148.861328
v -286.228953 75.404999 7150.984863
v -285.003031 75.404999 7153.107910
v -282.551188 75.404999 7153.107910
v -281.325266 75.404999 7150.984863
v -282.551188 75.404999 7148.861328
v -263.311808 108.399490 7154.427246
v -258.688120 108.399490 7155.414551
v -255.521342 108.399490 7151.903809
v -256.978281 108.399490 7147.405762
v -261.601969 108.399490 7146.418945
v -264.768717 108.399490 7149.929688
v -260.494608 127.872910 7151.304199
v -259.350138 105.559898 7153.317383
v -261.747965 105.559898 7152.805664
v -262.503520 105.559898 7150.473145
v -260.861247 105.559898 7148.652344
v -258.463450 105.559898 7149.164551
v -257.167277 106.128944 7151.552246
v -257.988444 108.399490 7157.574707
v -264.832621 108.399490 7156.113281
v -266.989237 108.399490 7149.455566
v -262.301676 108.399490 7144.258789
v -255.457468 108.399490 7145.720215
v -253.300883 108.399490 7152.377930
v -263.359812 105.559898 7154.592285
v -258.285807 106.128944 7156.656250
v -254.244639 106.128944 7152.176270
v -256.103861 106.128944 7146.436523
v -261.602824 105.559898 7146.363281
v -264.856913 105.559898 7149.970703
v -260.487040 127.872910 7151.305664
v -260.481852 127.872910 7151.299805
v -260.484263 127.872910 7151.292480
v -260.491801 127.872910 7151.291016
v -260.496989 127.872910 7151.296875
v -261.445292 116.039352 7149.386719
v -259.197916 116.039352 7149.866699
v -258.489787 116.039352 7152.052734
v -260.029032 116.039352 7153.759277
v -262.276347 116.039352 7153.279297
v -262.984507 116.039352 7151.093262
v -260.983469 120.250221 7149.928711
v -259.533122 120.250221 7150.238281
v -259.076090 120.250221 7151.648926
v -260.069437 120.250221 7152.750488
v -261.519816 120.250221 7152.440430
v -261.976786 120.250221 7151.029785
v -259.899699 97.470863 7153.926758
v -262.297526 97.470863 7153.415039
v -263.053050 97.470863 7151.082031
v -261.410807 97.470863 7149.261719
v -259.013010 97.470863 7149.773438
v -258.257456 97.470863 7152.105957
v -261.354777 102.498161 7149.199707
v -262.996989 102.498161 7151.020020
v -262.241496 102.498161 7153.352539
v -259.843668 102.498161 7153.864746
v -258.201457 102.498161 7152.043945
v -258.956950 102.498161 7149.711426
v -261.180705 99.538818 7149.006836
v -262.822947 99.538818 7150.827148
v -262.067423 99.538818 7153.159668
v -259.669627 99.538818 7153.671875
v -258.027384 99.538818 7151.851074
v -258.782908 99.538818 7149.518555
v -260.883524 39.710861 7148.677246
v -262.525797 39.710861 7150.497559
v -261.770243 39.710861 7152.830078
v -259.372447 39.710861 7153.342285
v -257.730174 39.710861 7151.521484
v -258.485728 39.710861 7149.188965
v -261.994730 0.000023 7149.909180
v -263.636942 0.000023 7151.729492
v -262.881388 0.000023 7154.062012
v -260.483622 0.000023 7154.574219
v -258.841349 0.000023 7152.753418
v -259.596903 0.000023 7150.420898
v -263.306010 75.404999 7151.362793
v -262.550456 75.404999 7153.695312
v -260.152659 75.404999 7154.207031
v -258.510416 75.404999 7152.386719
v -259.265971 75.404999 7150.054199
v -261.663737 75.404999 7149.541992
v -236.705546 94.309326 7147.547363
v -241.327738 94.309326 7146.553223
v -244.499918 94.309326 7150.059082
v -243.049906 94.309326 7154.559082
v -238.427714 94.309326 7155.553223
v -235.255564 94.309326 7152.047363
v -239.527567 113.782753 7150.666016
v -240.668925 91.469734 7148.650879
v -238.271922 91.469734 7149.166504
v -237.519938 91.469734 7151.500488
v -239.165019 91.469734 7153.318359
v -241.562052 91.469734 7152.802734
v -242.854533 92.038780 7150.412598
v -242.024088 94.309326 7144.392090
v -235.182169 94.309326 7145.863770
v -233.035807 94.309326 7152.524902
v -237.731364 94.309326 7157.714355
v -244.573283 94.309326 7156.242676
v -246.719645 94.309326 7149.581543
v -236.657298 91.469734 7147.382324
v -241.728129 92.038780 7145.310547
v -245.776225 92.038780 7149.784180
v -243.925822 92.038780 7155.526855
v -238.426981 91.469734 7155.608887
v -235.167338 91.469734 7152.006348
v -239.535136 113.782753 7150.664551
v -239.540324 113.782753 7150.670410
v -239.537943 113.782753 7150.677734
v -239.530375 113.782753 7150.679199
v -239.525187 113.782753 7150.673828
v -238.579874 101.949196 7152.584961
v -240.826457 101.949196 7152.101562
v -241.531229 101.949196 7149.914551
v -239.989420 101.949196 7148.210449
v -237.742777 101.949196 7148.693848
v -237.038004 101.949196 7150.880859
v -239.040843 106.160057 7152.042480
v -240.490702 106.160057 7151.730469
v -240.945536 106.160057 7150.318848
v -239.950510 106.160057 7149.219238
v -238.500651 106.160057 7149.531250
v -238.045817 106.160057 7150.942871
v -240.118449 83.380699 7148.042480
v -237.721415 83.380699 7148.558105
v -236.969462 83.380699 7150.892090
v -238.614542 83.380699 7152.709961
v -241.011546 83.380699 7152.194336
v -241.763499 83.380699 7149.860840
v -238.670634 88.408005 7152.771973
v -237.025614 88.408005 7150.954102
v -237.777567 88.408005 7148.620117
v -240.174571 88.408005 7148.104492
v -241.819621 88.408005 7149.922852
v -241.067667 88.408005 7152.256348
v -238.845011 85.448654 7152.964844
v -237.199931 85.448654 7151.146484
v -237.951884 85.448654 7148.812988
v -240.348917 85.448654 7148.297363
v -241.993998 85.448654 7150.115234
v -241.242045 85.448654 7152.449219
v -239.142680 39.710861 7153.293945
v -237.497660 39.710861 7151.475586
v -238.249613 39.710861 7149.142090
v -240.646616 39.710861 7148.626465
v -242.291666 39.710861 7150.444336
v -241.539713 39.710861 7152.778320
v -238.029643 0.000023 7152.063477
v -236.384562 0.000023 7150.245605
v -237.136515 0.000023 7147.912109
v -239.533549 0.000023 7147.396484
v -241.178599 0.000023 7149.214355
v -240.426646 0.000023 7151.547852
v -236.716105 61.314838 7150.611816
v -237.468058 61.314838 7148.278320
v -239.865061 61.314838 7147.762695
v -241.510111 61.314838 7149.580566
v -240.758158 61.314838 7151.914551
v -238.361124 61.314838 7152.430176
v -221.173075 108.399490 7150.909668
v -218.809123 108.399490 7155.003906
v -214.081217 108.399490 7155.003906
v -211.717265 108.399490 7150.909668
v -214.081217 108.399490 7146.814941
v -218.809123 108.399490 7146.814941
v -216.967082 127.872910 7150.909668
v -217.695506 105.559898 7153.107910
v -218.921427 105.559898 7150.984375
v -217.695506 105.559898 7148.861328
v -215.243662 105.559898 7148.861328
v -214.017741 105.559898 7150.984375
v -214.922709 106.128944 7153.546387
v -219.944376 108.399490 7156.970703
v -223.443614 108.399490 7150.909668
v -219.944376 108.399490 7144.848633
v -212.945963 108.399490 7144.848633
v -209.446757 108.399490 7150.909668
v -212.945963 108.399490 7156.970703
v -221.327891 105.559898 7150.984375
v -219.461894 106.128944 7156.134766
v -213.428446 106.128944 7156.134766
v -210.411784 106.128944 7150.909668
v -214.040446 105.559898 7146.777344
v -218.898722 105.559898 7146.777344
v -216.963175 127.872910 7150.916504
v -216.955424 127.872910 7150.916504
v -216.951579 127.872910 7150.909668
v -216.955454 127.872910 7150.902832
v -216.963175 127.872910 7150.902832
v -216.180155 116.039352 7148.919434
v -215.031138 116.039352 7150.909668
v -216.180155 116.039352 7152.899902
v -218.478159 116.039352 7152.899902
v -219.627177 116.039352 7150.909668
v -218.478159 116.039352 7148.919434
v -216.273081 120.250221 7149.625488
v -215.531535 120.250221 7150.909668
v -216.273081 120.250221 7152.193848
v -217.756114 120.250221 7152.193848
v -218.497630 120.250221 7150.909668
v -217.756114 120.250221 7149.625488
v -218.515971 97.470863 7153.107910
v -219.741862 97.470863 7150.984375
v -218.515971 97.470863 7148.861328
v -216.064127 97.470863 7148.861328
v -214.838206 97.470863 7150.984375
v -216.064127 97.470863 7153.107910
v -215.980448 102.498161 7148.861328
v -218.432291 102.498161 7148.861328
v -219.658244 102.498161 7150.984375
v -218.432291 102.498161 7153.107910
v -215.980448 102.498161 7153.107910
v -214.754557 102.498161 7150.984863
v -215.720622 99.538818 7148.861328
v -218.172434 99.538818 7148.861328
v -219.398356 99.538818 7150.984375
v -218.172434 99.538818 7153.107910
v -215.720622 99.538818 7153.107910
v -214.494669 99.538818 7150.984863
v -215.276896 39.710861 7148.861328
v -217.728800 39.710861 7148.861328
v -218.954691 39.710861 7150.984863
v -217.728739 39.710861 7153.107910
v -215.276896 39.710861 7153.107910
v -214.051005 39.710861 7150.984375
v -216.935893 0.000023 7148.861328
v -219.387736 0.000023 7148.861328
v -220.613627 0.000023 7150.984863
v -219.387705 0.000023 7153.107910
v -216.935832 0.000023 7153.107910
v -215.709940 0.000023 7150.984375
v -218.893595 75.404999 7148.861328
v -220.119547 75.404999 7150.984863
v -218.893595 75.404999 7153.107910
v -216.441782 75.404999 7153.107910
v -215.215861 75.404999 7150.984863
v -216.441752 75.404999 7148.861328
v -198.940348 108.399490 7154.427246
v -194.316660 108.399490 7155.414551
v -191.149882 108.399490 7151.903809
v -192.606822 108.399490 7147.405762
v -197.230509 108.399490 7146.418945
v -200.397288 108.399490 7149.929199
v -196.123133 127.872910 7151.304199
v -194.978693 105.559898 7153.317383
v -197.376505 105.559898 7152.805664
v -198.132029 105.559898 7150.473145
v -196.489771 105.559898 7148.652344
v -194.091975 105.559898 7149.164062
v -192.795802 106.128944 7151.552246
v -193.616984 108.399490 7157.574219
v -200.461161 108.399490 7156.113281
v -202.617777 108.399490 7149.455078
v -197.930155 108.399490 7144.258789
v -191.085993 108.399490 7145.719727
v -188.929392 108.399490 7152.377930
v -198.988352 105.559898 7154.592285
v -193.914362 106.128944 7156.656250
v -189.873164 106.128944 7152.176270
v -191.732401 106.128944 7146.436523
v -197.231333 105.559898 7146.362793
v -200.485453 105.559898 7149.970703
v -196.115580 127.872910 7151.305664
v -196.110407 127.872910 7151.299805
v -196.112772 127.872910 7151.292480
v -196.120341 127.872910 7151.291016
v -196.125514 127.872910 7151.296875
v -197.073802 116.039352 7149.386719
v -194.826441 116.039352 7149.866699
v -194.118327 116.039352 7152.052734
v -195.657511 116.039352 7153.759277
v -197.904887 116.039352 7153.279297
v -198.613047 116.039352 7151.093262
v -196.611994 120.250221 7149.928711
v -195.161631 120.250221 7150.238281
v -194.704646 120.250221 7151.648926
v -195.697993 120.250221 7152.750000
v -197.148325 120.250221 7152.440430
v -197.605326 120.250221 7151.029785
v -195.528239 97.470863 7153.926758
v -197.926066 97.470863 7153.414551
v -198.681620 97.470863 7151.082031
v -197.039347 97.470863 7149.261719
v -194.641535 97.470863 7149.773438
v -193.885966 97.470863 7152.105957
v -196.983302 102.498161 7149.199219
v -198.625559 102.498161 7151.020020
v -197.870036 102.498161 7153.352539
v -195.472208 102.498161 7153.864746
v -193.829966 102.498161 7152.043945
v -194.585505 102.498161 7149.711426
v -196.809229 99.538818 7149.006348
v -198.451487 99.538818 7150.827148
v -197.695963 99.538818 7153.159668
v -195.298136 99.538818 7153.671387
v -193.655894 99.538818 7151.851074
v -194.411448 99.538818 7149.518555
v -196.512080 39.710861 7148.677246
v -198.154337 39.710861 7150.497559
v -197.398783 39.710861 7152.830078
v -195.000971 39.710861 7153.342285
v -193.358714 39.710861 7151.521484
v -194.114268 39.710861 7149.188965
v -197.623270 0.000023 7149.908691
v -199.265482 0.000023 7151.729492
v -198.509928 0.000023 7154.062012
v -196.112116 0.000023 7154.573730
v -194.469874 0.000023 7152.753418
v -195.225428 0.000023 7150.420898
v -198.934550 75.404999 7151.362793
v -198.178996 75.404999 7153.695312
v -195.781184 75.404999 7154.207031
v -194.138941 75.404999 7152.386230
v -194.894480 75.404999 7150.053711
v -197.292292 75.404999 7149.541992
v -172.334101 94.309326 7147.547363
v -176.956263 94.309326 7146.553223
v -180.128428 94.309326 7150.058594
v -178.678416 94.309326 7154.558594
v -174.056254 94.309326 7155.553223
v -170.884089 94.309326 7152.047363
v -175.156123 113.782753 7150.666016
v -176.297450 91.469734 7148.650879
v -173.900446 91.469734 7149.166504
v -173.148478 91.469734 7151.500488
v -174.793528 91.469734 7153.318359
v -177.190546 91.469734 7152.802734
v -178.483057 92.038780 7150.412598
v -177.652644 94.309326 7144.392090
v -170.810679 94.309326 7145.863770
v -168.664332 94.309326 7152.524902
v -173.359919 94.309326 7157.714355
v -180.201823 94.309326 7156.242676
v -182.348216 94.309326 7149.581055
v -172.285822 91.469734 7147.382324
v -177.356654 92.038780 7145.310547
v -181.404734 92.038780 7149.784180
v -179.554362 92.038780 7155.526855
v -174.055506 91.469734 7155.608887
v -170.795847 91.469734 7152.006348
v -175.163661 113.782753 7150.664551
v -175.168848 113.782753 7150.670410
v -175.166483 113.782753 7150.677734
v -175.158930 113.782753 7150.679199
v -175.153742 113.782753 7150.673340
v -174.208384 101.949196 7152.584961
v -176.454997 101.949196 7152.101562
v -177.159770 101.949196 7149.914062
v -175.617945 101.949196 7148.210449
v -173.371317 101.949196 7148.693359
v -172.666560 101.949196 7150.880859
v -174.669352 106.160057 7152.042480
v -176.119242 106.160057 7151.730469
v -176.574061 106.160057 7150.318848
v -175.579035 106.160057 7149.219238
v -174.129176 106.160057 7149.531250
v -173.674326 106.160057 7150.942871
v -175.746973 83.380699 7148.042480
v -173.349970 83.380699 7148.558105
v -172.598002 83.380699 7150.892090
v -174.243052 83.380699 7152.709961
v -176.640070 83.380699 7152.194336
v -177.392024 83.380699 7149.860840
v -174.299189 88.408005 7152.771973
v -172.654139 88.408005 7150.954102
v -173.406092 88.408005 7148.620117
v -175.803111 88.408005 7148.104492
v -177.448161 88.408005 7149.922852
v -176.696192 88.408005 7152.256348
v -174.473551 85.448654 7152.964844
v -172.828486 85.448654 7151.146484
v -173.580439 85.448654 7148.812988
v -175.977458 85.448654 7148.297363
v -177.622523 85.448654 7150.115234
v -176.870539 85.448654 7152.449219
v -174.771220 39.710861 7153.293945
v -173.126170 39.710861 7151.475586
v -173.878123 39.710861 7149.142090
v -176.275141 39.710861 7148.626465
v -177.920191 39.710861 7150.444336
v -177.168238 39.710861 7152.777832
v -173.658167 0.000023 7152.063477
v -172.013117 0.000023 7150.245605
v -172.765086 0.000023 7147.911621
v -175.162089 0.000023 7147.395996
v -176.807139 0.000023 7149.214355
v -176.055186 0.000023 7151.547852
v -172.344614 61.314838 7150.611816
v -173.096583 61.314838 7148.278320
v -175.493586 61.314838 7147.762695
v -177.138636 61.314838 7149.580566
v -176.386698 61.314838 7151.914062
v -173.989665 61.314838 7152.429688
v -156.801875 108.399490 7150.909668
v -154.437922 108.399490 7155.004395
v -149.710047 108.399490 7155.004395
v -147.346064 108.399490 7150.909668
v -149.710047 108.399490 7146.815430
v -154.437937 108.399490 7146.815430
v -152.595850 127.872910 7150.909668
v -153.324305 105.559898 7153.108398
v -154.550242 105.559898 7150.984863
v -153.324305 105.559898 7148.861328
v -150.872462 105.559898 7148.861328
v -149.646540 105.559898 7150.984863
v -150.551539 106.128944 7153.546875
v -155.573191 108.399490 7156.970703
v -159.072413 108.399490 7150.909668
v -155.573206 108.399490 7144.849121
v -148.574763 108.399490 7144.849121
v -145.075556 108.399490 7150.909668
v -148.574763 108.399490 7156.970703
v -156.956690 105.559898 7150.984863
v -155.090678 106.128944 7156.134766
v -149.057276 106.128944 7156.134766
v -146.040553 106.128944 7150.909668
v -149.669245 105.559898 7146.777344
v -154.527552 105.559898 7146.777344
v -152.591975 127.872910 7150.916504
v -152.584254 127.872910 7150.916504
v -152.580378 127.872910 7150.909668
v -152.584254 127.872910 7150.903320
v -152.591975 127.872910 7150.903320
v -151.808955 116.039352 7148.919922
v -150.659937 116.039352 7150.909668
v -151.808924 116.039352 7152.899902
v -154.106959 116.039352 7152.899902
v -155.255961 116.039352 7150.909668
v -154.106959 116.039352 7148.919922
v -151.901881 120.250221 7149.625488
v -151.160365 120.250221 7150.909668
v -151.901881 120.250221 7152.194336
v -153.384913 120.250221 7152.194336
v -154.126429 120.250221 7150.909668
v -153.384913 120.250221 7149.625488
v -154.144755 97.470863 7153.108398
v -155.370677 97.470863 7150.984863
v -154.144755 97.470863 7148.861328
v -151.692896 97.470863 7148.861328
v -150.467005 97.470863 7150.984863
v -151.692927 97.470863 7153.108398
v -151.609248 102.498161 7148.861328
v -154.061106 102.498161 7148.861328
v -155.287028 102.498161 7150.984863
v -154.061106 102.498161 7153.108398
v -151.609278 102.498161 7153.108398
v -150.383357 102.498161 7150.984863
v -151.349390 99.538818 7148.861328
v -153.801234 99.538818 7148.861328
v -155.027171 99.538818 7150.984863
v -153.801234 99.538818 7153.108398
v -151.349421 99.538818 7153.108398
v -150.123469 99.538818 7150.984863
v -150.905726 39.710861 7148.861328
v -153.357569 39.710861 7148.861328
v -154.583491 39.710861 7150.984863
v -153.357569 39.710861 7153.108398
v -150.905726 39.710861 7153.108398
v -149.679804 39.710861 7150.984863
v -152.564661 0.000023 7148.861328
v -155.016535 0.000023 7148.861328
v -156.242426 0.000023 7150.984863
v -155.016489 0.000023 7153.108398
v -152.564631 0.000023 7153.108398
v -151.338740 0.000023 7150.984863
v -154.522410 75.404999 7148.861328
v -155.748332 75.404999 7150.984863
v -154.522425 75.404999 7153.108398
v -152.070582 75.404999 7153.108398
v -150.844660 75.404999 7150.984863
v -152.070582 75.404999 7148.861328
v -244.085032 0.000023 7170.876465
v -254.929911 0.000023 7170.739746
v -242.066142 0.000023 7179.007812
v -254.672221 0.000023 7181.355469
v -243.972331 5.603767 7171.388672
v -254.143290 5.305786 7171.255371
v -242.578349 5.593147 7178.486328
v -254.143290 5.305786 7180.858398
v -244.550761 6.094200 7172.183594
v -253.598246 5.835602 7172.060547
v -253.598246 5.835602 7180.069824
v -243.156779 6.082947 7177.669922
v -324.761332 0.000038 7170.974121
v -335.441447 0.000038 7169.108887
v -328.078043 0.000038 7181.432129
v -336.980509 0.000038 7179.530273
v -324.735972 3.725082 7171.486328
v -334.752421 3.311874 7169.738770
v -328.496989 3.722443 7180.852051
v -336.374094 3.308586 7179.123047
v -325.440348 4.249741 7172.163574
v -334.350382 3.884621 7170.611328
v -335.702555 3.882065 7178.434570
v -328.931834 4.247612 7179.976562
v -231.782755 0.000008 7128.056152
v -259.259928 0.000008 7127.751953
v -231.778788 0.000008 7135.788086
v -259.284892 0.000008 7136.792480
v -233.029337 4.886581 7128.448730
v -257.986857 4.725960 7128.169434
v -233.029337 4.886581 7135.436523
v -257.986918 4.725960 7136.351562
v -234.448710 5.314621 7129.055664
v -256.649516 5.183838 7128.834473
v -256.649516 5.183838 7135.660645
v -234.448649 5.314621 7134.875000
v -172.661204 -0.000000 7114.624023
v -194.708064 -0.000000 7117.255859
v -172.083308 -0.000000 7134.669922
v -193.759562 -0.000000 7133.473145
v -173.726878 4.896454 7115.647949
v -193.653162 4.688652 7117.987305
v -173.087306 4.887581 7133.760254
v -192.682887 4.675598 7132.682617
v -174.942759 5.294792 7117.222168
v -192.572840 5.113960 7119.162109
v -191.566630 5.101570 7131.443848
v -174.208231 5.286095 7132.311523
v -220.518473 0.000008 7168.090820
v -182.614314 0.000008 7168.784668
v -220.518473 0.000008 7137.590820
v -182.614329 0.000008 7136.902344
v -218.728068 23.966034 7166.808594
v -184.463099 22.845825 7167.381836
v -218.728068 23.966034 7138.873535
v -184.463084 22.845825 7138.304688
v -216.706370 25.815941 7164.771484
v -186.368006 24.964912 7165.204590
v -186.368021 24.964912 7140.481445
v -216.706339 25.815933 7140.911133
v -222.350260 0.000008 7139.431641
v -260.254374 0.000008 7139.766602
v -220.166056 0.000008 7166.781250
v -259.353861 0.000008 7166.408203
v -221.956461 18.094109 7140.731445
v -257.505106 17.184265 7141.023438
v -221.956400 18.094109 7165.453613
v -257.505106 17.184265 7165.146484
v -223.978129 19.847771 7142.804199
v -255.600169 19.001213 7143.019043
v -255.600138 19.001213 7163.151367
v -223.978129 19.847771 7163.379883
v -143.982203 0.000008 7137.904297
v -181.886363 0.000008 7138.788574
v -143.982234 0.000008 7168.350586
v -181.886363 0.000008 7167.425781
v -145.772608 20.634857 7139.400391
v -180.037577 18.590431 7140.122070
v -145.772608 20.634857 7166.852051
v -180.037577 18.590439 7166.093750
v -147.794306 22.705193 7141.721680
v -178.132639 20.669632 7142.251465
v -178.132655 20.669632 7163.966309
v -147.794306 22.705193 7164.527832
v -340.958659 0.000008 7129.933105
v -368.331278 0.000008 7125.847168
v -341.727427 0.000008 7137.892578
v -369.128886 0.000008 7135.079590
v -342.237345 2.891220 7130.237305
v -367.099986 2.399811 7126.432617
v -342.936320 2.888199 7137.336914
v -367.798930 2.394165 7134.777344
v -343.709391 3.334213 7130.772949
v -365.825785 2.887299 7127.276367
v -366.408610 2.882339 7134.226562
v -344.292216 3.331444 7136.514160
v -290.690043 0.000008 7122.736328
v -309.720805 0.000008 7116.588379
v -290.884837 0.000008 7137.701172
v -312.327677 0.000008 7133.831543
v -291.827311 3.332420 7123.270996
v -308.799387 3.014748 7117.497070
v -291.773264 3.332314 7136.806641
v -311.157420 3.014793 7133.308105
v -293.167033 3.773491 7124.191895
v -307.917704 3.495636 7118.821777
v -309.883830 3.496277 7132.379395
v -292.721049 3.772484 7135.478027
v -338.115824 0.000008 7167.762695
v -300.211710 0.000008 7167.583008
v -338.115824 0.000008 7137.916992
v -300.211710 0.000008 7138.095215
v -336.325419 23.196999 7166.471680
v -302.060435 21.338898 7166.322754
v -336.325419 23.196999 7139.208008
v -302.060465 21.338898 7139.355469
v -334.303751 24.836166 7164.448242
v -303.965373 23.190193 7164.335938
v -303.965403 23.190201 7141.342285
v -334.303690 24.836166 7141.230957
v -341.585795 0.000008 7139.682617
v -379.490000 0.000008 7139.295410
v -339.401591 0.000008 7166.474121
v -378.589457 0.000008 7166.883301
v -341.191996 17.405243 7140.964844
v -376.740641 16.101372 7140.644531
v -341.191996 17.405243 7165.208496
v -376.740641 16.101372 7165.544922
v -343.213664 19.226234 7142.968262
v -374.835642 18.190414 7142.731445
v -374.835673 18.190414 7163.456543
v -343.213664 19.226234 7163.205566
v -261.579630 0.000008 7139.773438
v -299.483744 0.000008 7139.853516
v -261.579630 0.000008 7166.395508
v -299.483744 0.000008 7166.311523
v -263.369944 7.945366 7141.052246
v -297.634928 6.822929 7141.117676
v -263.369975 7.945374 7165.116211
v -297.634959 6.822929 7165.047363
v -265.391673 9.698006 7143.059570
v -295.730021 8.765961 7143.107422
v -295.730021 8.765961 7163.058105
v -265.391642 9.698006 7163.108398
v -255.917887 0.000008 7170.843262
v -258.460795 0.000008 7190.231934
v -279.835886 0.000008 7188.321777
v -281.360087 0.000008 7168.375000
v -258.611247 13.161942 7172.995117
v -279.163920 12.787483 7170.978516
v -277.175730 12.729286 7186.194336
v -260.701212 13.155121 7187.562500
v -280.266978 11.772896 7169.408203
v -257.159525 12.212288 7171.660156
v -278.548930 11.715408 7187.521973
v -259.528056 12.202629 7189.172852
v -188.915415 0.000023 7170.825684
v -181.332896 0.000023 7175.979004
v -198.850291 0.000023 7185.906738
v -205.196452 0.000023 7177.656738
v -188.877360 6.094200 7172.159668
v -202.465250 5.835602 7177.851562
v -197.967448 5.835602 7184.200195
v -183.713541 6.082947 7175.616699
v -203.731608 5.305786 7177.562012
v -188.459574 5.603767 7171.159180
v -198.339060 5.305786 7185.174316
v -182.391016 5.593147 7175.893555
v -219.594889 42.911644 7151.277344
v -119.716090 43.188232 7151.854980
v -119.721644 43.492996 7150.491211
v -219.600443 43.216438 7149.913574
v -219.577403 41.578102 7151.695312
v -119.698603 41.854698 7152.272949
v -219.565379 40.549347 7150.749512
v -119.686518 40.825943 7151.327148
v -219.570872 40.854134 7149.385742
v -119.692042 41.130722 7149.963379
v -219.588358 42.187668 7148.967773
v -119.709589 42.464241 7149.545410
v -279.536112 43.834385 7150.260742
v -279.513102 42.196053 7152.042480
v -279.524119 42.805618 7149.314941
v -391.453349 43.732437 7151.398926
v -391.458842 44.037231 7150.035156
v -391.435801 42.398880 7151.816895
v -391.423808 41.370125 7150.871094
v -391.429301 41.674919 7149.507324
v -391.446818 43.008469 7149.089355
v -279.530619 43.529629 7151.624512
v -279.501139 41.167328 7151.096680
v -279.506632 41.472076 7149.733398
v -214.914530 79.194489 7151.286133
v -119.953486 79.458649 7151.877441
v -119.960383 79.763435 7150.513672
v -214.921427 79.499298 7149.922852
v -214.896586 77.860954 7151.704102
v -119.935511 78.125107 7152.295410
v -214.885508 76.832207 7150.758301
v -119.924464 77.096375 7151.349609
v -214.892405 77.136993 7149.395020
v -119.931391 77.401176 7149.985840
v -214.910380 78.470535 7148.977051
v -119.949336 78.734665 7149.568359
v -279.720744 80.125694 7150.260742
v -279.695841 78.487381 7152.042480
v -279.709696 79.096954 7149.314941
v -400.720499 80.039581 7151.381836
v -400.727396 80.344368 7150.018066
v -400.702525 78.706047 7151.799805
v -400.691477 77.677277 7150.854004
v -400.698374 77.982056 7149.490234
v -400.716349 79.315613 7149.072266
v -279.713847 79.820923 7151.624512
v -279.684794 77.458641 7151.096680
v -279.691691 77.763412 7149.732910
v -390.262461 -0.000000 7123.241211
v -390.262522 -0.000000 7178.342773
v -451.036204 0.000000 7178.342285
v -451.036051 0.000000 7123.241211
v -447.144572 24.840485 7125.708008
v -394.019999 26.073730 7125.708008
v -447.144663 24.840485 7175.875977
v -394.020121 26.073730 7175.875977
v -439.036479 29.000732 7132.876465
v -401.443827 29.679291 7132.875000
v -439.036540 29.000732 7168.707520
v -401.443858 29.679291 7168.708984
v -438.589213 40.668091 7133.016602
v -401.684794 40.014175 7133.013184
v -438.589243 40.668091 7168.567383
v -401.684763 40.014175 7168.570801
v -399.670847 41.403671 7131.015137
v -440.705943 42.130035 7131.019531
v -444.204264 43.914032 7127.676270
v -396.233012 43.064621 7127.669922
v -440.706004 42.130035 7170.564453
v -444.204356 43.914017 7173.907227
v -399.670939 41.403671 7170.568848
v -396.233073 43.064621 7173.914062
v -433.718333 64.126755 7136.192383
v -403.978648 63.518810 7136.188965
v -400.890574 63.320175 7133.108887
v -436.928019 64.052185 7133.113770
v -403.978709 63.518810 7165.395020
v -400.890604 63.320194 7168.475098
v -433.718424 64.126770 7165.391113
v -436.928050 64.052200 7168.469727
v -440.558634 61.833527 7129.804688
v -397.676463 60.988033 7129.797852
v -440.558726 61.833546 7171.778809
v -397.676585 60.988060 7171.786133
v -430.674784 93.786697 7138.045898
v -405.008952 93.415215 7138.044434
v -430.674784 93.786690 7163.537598
v -405.009013 93.415215 7163.539551
v -438.338541 102.690598 7129.554688
v -437.824961 130.986420 7129.266113
v -394.729136 129.661774 7129.266602
v -395.654307 101.874001 7129.552246
v -438.338633 102.690605 7172.029297
v -437.825022 130.986435 7172.317383
v -395.654368 101.874001 7172.031738
v -394.729197 129.661774 7172.317383
v -402.892680 101.713928 7136.765137
v -431.079173 102.235344 7136.766602
v -431.079234 102.235298 7164.817383
v -402.892802 101.713898 7164.818848
v -434.917643 133.377304 7132.144531
v -397.590434 132.206299 7132.145020
v -434.917735 133.377304 7169.438965
v -397.590525 132.206299 7169.438965
v -434.790873 144.810944 7132.051758
v -397.283549 144.810944 7132.052246
v -434.790934 144.810944 7169.531738
v -397.283671 144.810944 7169.531738
v -438.865611 146.916077 7127.992188
v -393.225749 146.916077 7127.992188
v -438.865733 146.916077 7173.591797
v -393.225871 146.916077 7173.591797
v -443.442851 157.393936 7123.420410
v -388.648417 156.680664 7123.420410
v -443.442973 157.393936 7178.163574
v -388.648478 156.680664 7178.163574
vt 0.118138 0.539359
vt 0.121111 0.522383
vt 0.126104 0.522383
vt 0.128408 0.539359
vt 0.111089 0.539359
vt 0.117685 0.522383
vt 0.121198 0.513026
vt 0.124420 0.513026
vt 0.118987 0.513026
vt 0.122121 0.496088
vt 0.122138 0.496088
vt 0.122109 0.496088
vt 0.441570 0.555594
vt 0.441908 0.538617
vt 0.446900 0.538617
vt 0.451841 0.555594
vt 0.434522 0.555594
vt 0.438482 0.538617
vt 0.442933 0.529261
vt 0.446154 0.529261
vt 0.440722 0.529261
vt 0.444020 0.512323
vt 0.444037 0.512323
vt 0.444009 0.512323
vt 0.161105 0.627542
vt 0.161105 0.642745
vt 0.154796 0.639467
vt 0.156060 0.628199
vt 0.161105 0.617108
vt 0.156060 0.619204
vt 0.324629 0.632311
vt 0.324629 0.617108
vt 0.329674 0.618547
vt 0.330939 0.630766
vt 0.324629 0.642745
vt 0.330939 0.638009
vt 0.498402 0.032424
vt 0.499500 0.039228
vt 0.494174 0.039228
vt 0.493075 0.032424
vt 0.499113 0.045804
vt 0.493786 0.045804
vt 0.490518 0.039228
vt 0.488219 0.031160
vt 0.499625 0.050399
vt 0.494299 0.050399
vt 0.490131 0.045804
vt 0.500188 0.099430
vt 0.494862 0.099430
vt 0.490643 0.050399
vt 0.498451 0.147436
vt 0.493125 0.147436
vt 0.491206 0.099430
vt 0.500925 0.235676
vt 0.495598 0.235676
vt 0.489470 0.147436
vt 0.491943 0.235676
vt 0.619606 0.031176
vt 0.618508 0.037979
vt 0.613181 0.037979
vt 0.614280 0.031176
vt 0.618895 0.044555
vt 0.613569 0.044555
vt 0.609526 0.037979
vt 0.610624 0.031176
vt 0.618383 0.049150
vt 0.613057 0.049150
vt 0.609913 0.044555
vt 0.617820 0.098182
vt 0.612494 0.098182
vt 0.609401 0.049150
vt 0.619557 0.146187
vt 0.614230 0.146187
vt 0.608838 0.098182
vt 0.617083 0.234427
vt 0.611757 0.234427
vt 0.610575 0.146187
vt 0.608102 0.234427
vt 0.245956 0.560496
vt 0.250620 0.543520
vt 0.255726 0.543520
vt 0.256462 0.560496
vt 0.250827 0.534163
vt 0.254122 0.534163
vt 0.252343 0.517225
vt 0.252360 0.517225
vt 0.485721 0.569240
vt 0.486457 0.552263
vt 0.491563 0.552263
vt 0.496227 0.569240
vt 0.488061 0.542907
vt 0.491357 0.542907
vt 0.489823 0.525969
vt 0.489840 0.525969
vt 0.202249 0.651965
vt 0.202249 0.636414
vt 0.207294 0.637486
vt 0.207294 0.650893
vt 0.331340 0.031086
vt 0.329703 0.037889
vt 0.324254 0.037889
vt 0.325892 0.031086
vt 0.330280 0.044465
vt 0.324832 0.044465
vt 0.329517 0.049060
vt 0.324069 0.049060
vt 0.328678 0.098092
vt 0.323229 0.098092
vt 0.331266 0.177406
vt 0.325818 0.177406
vt 0.327580 0.265646
vt 0.322131 0.265646
vt 0.134733 0.032335
vt 0.136370 0.039138
vt 0.130922 0.039138
vt 0.128572 0.031070
vt 0.135793 0.045714
vt 0.130345 0.045714
vt 0.136556 0.050309
vt 0.131108 0.050309
vt 0.137395 0.099340
vt 0.131947 0.099340
vt 0.134807 0.178655
vt 0.129359 0.178655
vt 0.138493 0.266895
vt 0.133045 0.266895
vt 0.168076 0.574233
vt 0.171056 0.557257
vt 0.176050 0.557257
vt 0.178350 0.574233
vt 0.161040 0.574233
vt 0.167636 0.557257
vt 0.171146 0.547900
vt 0.174368 0.547900
vt 0.168938 0.547900
vt 0.172074 0.530962
vt 0.172090 0.530962
vt 0.172062 0.530962
vt 0.625129 0.576731
vt 0.625477 0.559755
vt 0.630471 0.559755
vt 0.635403 0.576731
vt 0.618092 0.576731
vt 0.622057 0.559755
vt 0.626503 0.550398
vt 0.629726 0.550398
vt 0.624296 0.550398
vt 0.627595 0.533460
vt 0.627612 0.533460
vt 0.627584 0.533460
vt 0.284668 0.637228
vt 0.284668 0.622020
vt 0.290978 0.625292
vt 0.289714 0.636567
vt 0.284668 0.647644
vt 0.289714 0.645547
vt 0.485787 0.629940
vt 0.485787 0.645148
vt 0.480742 0.643712
vt 0.479477 0.631493
vt 0.485787 0.619524
vt 0.479477 0.624262
vt 0.152487 0.032335
vt 0.153583 0.039138
vt 0.148255 0.039138
vt 0.147159 0.032335
vt 0.153196 0.045714
vt 0.147868 0.045714
vt 0.144606 0.039138
vt 0.142308 0.031070
vt 0.153708 0.050309
vt 0.148380 0.050309
vt 0.144219 0.045714
vt 0.154270 0.099340
vt 0.148942 0.099340
vt 0.144731 0.050309
vt 0.152536 0.178655
vt 0.147208 0.178655
vt 0.145293 0.099340
vt 0.155005 0.266895
vt 0.149677 0.266895
vt 0.143559 0.178655
vt 0.146028 0.266895
vt 0.357354 0.031086
vt 0.356258 0.037889
vt 0.350929 0.037889
vt 0.352026 0.031086
vt 0.356644 0.044465
vt 0.351316 0.044465
vt 0.347280 0.037889
vt 0.348377 0.031086
vt 0.356133 0.049060
vt 0.350805 0.049060
vt 0.347667 0.044465
vt 0.355571 0.098092
vt 0.350243 0.098092
vt 0.347156 0.049060
vt 0.357305 0.177406
vt 0.351977 0.177406
vt 0.346594 0.098092
vt 0.354836 0.265646
vt 0.349507 0.265646
vt 0.348327 0.177406
vt 0.345858 0.265646
vt 0.417843 0.584314
vt 0.420817 0.567338
vt 0.425809 0.567338
vt 0.428114 0.584314
vt 0.410795 0.584314
vt 0.417391 0.567338
vt 0.420904 0.557981
vt 0.424125 0.557981
vt 0.418693 0.557981
vt 0.421827 0.541043
vt 0.421843 0.541043
vt 0.421815 0.541043
vt 0.576438 0.581819
vt 0.576776 0.564843
vt 0.581768 0.564843
vt 0.586709 0.581819
vt 0.569389 0.581819
vt 0.573350 0.564843
vt 0.577801 0.555486
vt 0.581022 0.555486
vt 0.575590 0.555486
vt 0.578888 0.538548
vt 0.578905 0.538548
vt 0.578877 0.538548
vt 0.518255 0.627542
vt 0.518255 0.642745
vt 0.511946 0.639467
vt 0.513210 0.628199
vt 0.518255 0.617108
vt 0.513210 0.619204
vt 0.166035 0.633559
vt 0.166035 0.618356
vt 0.171080 0.619795
vt 0.172344 0.632014
vt 0.166035 0.643993
vt 0.172344 0.639257
vt 0.525875 0.032424
vt 0.526973 0.039228
vt 0.521647 0.039228
vt 0.520549 0.032424
vt 0.526586 0.045804
vt 0.521260 0.045804
vt 0.517992 0.039228
vt 0.515692 0.031160
vt 0.527098 0.050399
vt 0.521772 0.050399
vt 0.517604 0.045804
vt 0.527661 0.099430
vt 0.522335 0.099430
vt 0.518116 0.050399
vt 0.525924 0.147436
vt 0.520598 0.147436
vt 0.518679 0.099430
vt 0.528398 0.235676
vt 0.523071 0.235676
vt 0.516943 0.147436
vt 0.519416 0.235676
vt 0.644582 0.031176
vt 0.643483 0.037979
vt 0.638157 0.037979
vt 0.639255 0.031176
vt 0.643871 0.044555
vt 0.638544 0.044555
vt 0.634502 0.037979
vt 0.635600 0.031176
vt 0.643358 0.049150
vt 0.638032 0.049150
vt 0.634889 0.044555
vt 0.642795 0.098182
vt 0.637469 0.098182
vt 0.634377 0.049150
vt 0.644532 0.146187
vt 0.639206 0.146187
vt 0.633814 0.098182
vt 0.642059 0.234427
vt 0.636733 0.234427
vt 0.635550 0.146187
vt 0.633077 0.234427
vt 0.203498 0.585472
vt 0.208162 0.568496
vt 0.213268 0.568496
vt 0.214003 0.585472
vt 0.208368 0.559139
vt 0.211664 0.559139
vt 0.209884 0.542201
vt 0.209902 0.542201
vt 0.128572 0.585473
vt 0.129307 0.568497
vt 0.134413 0.568497
vt 0.139077 0.585473
vt 0.130911 0.559140
vt 0.134207 0.559140
vt 0.132673 0.542202
vt 0.132691 0.542202
vt 0.240961 0.660707
vt 0.240961 0.645156
vt 0.246006 0.646228
vt 0.246006 0.659634
vt 0.382540 0.031086
vt 0.380902 0.037889
vt 0.375454 0.037889
vt 0.377092 0.031086
vt 0.381480 0.044465
vt 0.376032 0.044465
vt 0.380717 0.049060
vt 0.375269 0.049060
vt 0.379877 0.098092
vt 0.374429 0.098092
vt 0.382466 0.177406
vt 0.377018 0.177406
vt 0.378780 0.265646
vt 0.373331 0.265646
vt 0.193425 0.032335
vt 0.195062 0.039138
vt 0.189614 0.039138
vt 0.187264 0.031070
vt 0.194485 0.045714
vt 0.189037 0.045714
vt 0.195248 0.050309
vt 0.189800 0.050309
vt 0.196087 0.099340
vt 0.190639 0.099340
vt 0.193499 0.178655
vt 0.188051 0.178655
vt 0.197185 0.266895
vt 0.191737 0.266895
vt 0.472778 0.586723
vt 0.475757 0.569746
vt 0.480751 0.569746
vt 0.483052 0.586723
vt 0.465741 0.586723
vt 0.472337 0.569746
vt 0.475847 0.560390
vt 0.479070 0.560390
vt 0.473640 0.560390
vt 0.476775 0.543452
vt 0.476792 0.543452
vt 0.476763 0.543452
vt 0.344154 0.587970
vt 0.344502 0.570993
vt 0.349496 0.570993
vt 0.354428 0.587970
vt 0.337117 0.587970
vt 0.341082 0.570993
vt 0.345528 0.561637
vt 0.348751 0.561637
vt 0.343321 0.561637
vt 0.346620 0.544699
vt 0.346637 0.544699
vt 0.346609 0.544699
vt 0.593116 0.637230
vt 0.593116 0.622022
vt 0.599426 0.625295
vt 0.598161 0.636569
vt 0.593116 0.647646
vt 0.598161 0.645549
vt 0.237281 0.631187
vt 0.237281 0.646395
vt 0.232235 0.644959
vt 0.230971 0.632740
vt 0.237281 0.620771
vt 0.230971 0.625509
vt 0.211179 0.032335
vt 0.212275 0.039138
vt 0.206947 0.039138
vt 0.205851 0.032335
vt 0.211889 0.045714
vt 0.206561 0.045714
vt 0.203298 0.039138
vt 0.201000 0.031070
vt 0.212400 0.050309
vt 0.207072 0.050309
vt 0.202911 0.045714
vt 0.212962 0.099340
vt 0.207634 0.099340
vt 0.203423 0.050309
vt 0.211228 0.178655
vt 0.205900 0.178655
vt 0.203985 0.099340
vt 0.213697 0.266895
vt 0.208369 0.266895
vt 0.202251 0.178655
vt 0.204720 0.266895
vt 0.408554 0.031086
vt 0.407457 0.037889
vt 0.402129 0.037889
vt 0.403226 0.031086
vt 0.407844 0.044465
vt 0.402516 0.044465
vt 0.398480 0.037889
vt 0.399577 0.031086
vt 0.407333 0.049060
vt 0.402005 0.049060
vt 0.398867 0.044465
vt 0.406771 0.098092
vt 0.401443 0.098092
vt 0.398356 0.049060
vt 0.408504 0.177406
vt 0.403176 0.177406
vt 0.397794 0.098092
vt 0.406035 0.265646
vt 0.400707 0.265646
vt 0.399527 0.177406
vt 0.397058 0.265646
vt 0.552711 0.586811
vt 0.555685 0.569835
vt 0.560677 0.569835
vt 0.562982 0.586811
vt 0.545663 0.586811
vt 0.552259 0.569835
vt 0.555772 0.560478
vt 0.558993 0.560478
vt 0.553561 0.560478
vt 0.556695 0.543540
vt 0.556711 0.543540
vt 0.556683 0.543540
vt 0.238020 0.588060
vt 0.238358 0.571084
vt 0.243350 0.571084
vt 0.248290 0.588060
vt 0.230971 0.588060
vt 0.234932 0.571084
vt 0.239382 0.561727
vt 0.242604 0.561727
vt 0.237171 0.561727
vt 0.240470 0.544789
vt 0.240487 0.544789
vt 0.240458 0.544789
vt 0.247271 0.627542
vt 0.247271 0.642745
vt 0.240961 0.639467
vt 0.242225 0.628200
vt 0.247271 0.617108
vt 0.242225 0.619204
vt 0.122328 0.633561
vt 0.122328 0.618358
vt 0.127373 0.619796
vt 0.128638 0.632015
vt 0.122328 0.643995
vt 0.128638 0.639258
vt 0.553348 0.032424
vt 0.554446 0.039228
vt 0.549120 0.039228
vt 0.548022 0.032424
vt 0.554059 0.045804
vt 0.548733 0.045804
vt 0.545465 0.039228
vt 0.543165 0.031160
vt 0.554571 0.050399
vt 0.549245 0.050399
vt 0.545077 0.045804
vt 0.555134 0.099430
vt 0.549808 0.099430
vt 0.545589 0.050399
vt 0.553398 0.147436
vt 0.548071 0.147436
vt 0.546153 0.099430
vt 0.555871 0.235676
vt 0.550545 0.235676
vt 0.544416 0.147436
vt 0.546889 0.235676
vt 0.669557 0.031176
vt 0.668459 0.037979
vt 0.663132 0.037979
vt 0.664231 0.031176
vt 0.668846 0.044555
vt 0.663520 0.044555
vt 0.659477 0.037979
vt 0.660576 0.031176
vt 0.668334 0.049150
vt 0.663008 0.049150
vt 0.659864 0.044555
vt 0.667771 0.098182
vt 0.662445 0.098182
vt 0.659352 0.049150
vt 0.669508 0.146187
vt 0.664181 0.146187
vt 0.658789 0.098182
vt 0.667034 0.234427
vt 0.661708 0.234427
vt 0.660526 0.146187
vt 0.658053 0.234427
vt 0.665545 0.587970
vt 0.670209 0.570994
vt 0.675315 0.570994
vt 0.676051 0.587970
vt 0.670416 0.561637
vt 0.673711 0.561637
vt 0.671932 0.544699
vt 0.671949 0.544699
vt 0.357097 0.589218
vt 0.357833 0.572242
vt 0.362939 0.572242
vt 0.367603 0.589218
vt 0.359437 0.562886
vt 0.362733 0.562886
vt 0.361199 0.545947
vt 0.361216 0.545947
vt 0.294658 0.661955
vt 0.294658 0.646405
vt 0.299704 0.647477
vt 0.299704 0.660883
vt 0.433740 0.031086
vt 0.432102 0.037889
vt 0.426654 0.037889
vt 0.428291 0.031086
vt 0.432680 0.044465
vt 0.427232 0.044465
vt 0.431917 0.049060
vt 0.426468 0.049060
vt 0.431077 0.098092
vt 0.425629 0.098092
vt 0.433666 0.177406
vt 0.428218 0.177406
vt 0.429979 0.265646
vt 0.424531 0.265646
vt 0.249620 0.032335
vt 0.251257 0.039138
vt 0.245809 0.039138
vt 0.243459 0.031070
vt 0.250680 0.045714
vt 0.245232 0.045714
vt 0.251443 0.050309
vt 0.245995 0.050309
vt 0.252282 0.099340
vt 0.246834 0.099340
vt 0.249694 0.178655
vt 0.244246 0.178655
vt 0.253380 0.266895
vt 0.247932 0.266895
vt 0.597655 0.589221
vt 0.600635 0.572245
vt 0.605629 0.572245
vt 0.607930 0.589221
vt 0.590619 0.589221
vt 0.597215 0.572245
vt 0.600725 0.562889
vt 0.603948 0.562889
vt 0.598518 0.562889
vt 0.601653 0.545950
vt 0.601670 0.545950
vt 0.601641 0.545950
vt 0.151842 0.594215
vt 0.152191 0.577238
vt 0.157184 0.577238
vt 0.162116 0.594215
vt 0.144806 0.594215
vt 0.148770 0.577238
vt 0.153217 0.567882
vt 0.156440 0.567882
vt 0.151010 0.567882
vt 0.154309 0.550944
vt 0.154326 0.550944
vt 0.154298 0.550944
vt 0.334619 0.638476
vt 0.334619 0.623268
vt 0.340929 0.626540
vt 0.339665 0.637815
vt 0.334619 0.648892
vt 0.339665 0.646795
vt 0.618158 0.631189
vt 0.618158 0.646397
vt 0.613112 0.644961
vt 0.611848 0.632742
vt 0.618158 0.620773
vt 0.611848 0.625511
vt 0.266125 0.032335
vt 0.267222 0.039138
vt 0.261894 0.039138
vt 0.260797 0.032335
vt 0.266835 0.045714
vt 0.261507 0.045714
vt 0.258244 0.039138
vt 0.255946 0.031070
vt 0.267346 0.050309
vt 0.262018 0.050309
vt 0.257858 0.045714
vt 0.267908 0.099340
vt 0.262580 0.099340
vt 0.258369 0.050309
vt 0.266174 0.178655
vt 0.260846 0.178655
vt 0.258931 0.099340
vt 0.268644 0.266895
vt 0.263315 0.266895
vt 0.257197 0.178655
vt 0.259666 0.266895
vt 0.459754 0.031086
vt 0.458657 0.037889
vt 0.453329 0.037889
vt 0.454426 0.031086
vt 0.459044 0.044465
vt 0.453716 0.044465
vt 0.449680 0.037889
vt 0.450777 0.031086
vt 0.458533 0.049060
vt 0.453205 0.049060
vt 0.450067 0.044465
vt 0.457971 0.098092
vt 0.452643 0.098092
vt 0.449555 0.049060
vt 0.459704 0.177406
vt 0.454376 0.177406
vt 0.448993 0.098092
vt 0.457235 0.265646
vt 0.451907 0.265646
vt 0.450727 0.177406
vt 0.448258 0.265646
vt 0.451560 0.595554
vt 0.454534 0.578578
vt 0.459526 0.578578
vt 0.461831 0.595554
vt 0.444512 0.595554
vt 0.451108 0.578578
vt 0.454621 0.569221
vt 0.457842 0.569221
vt 0.452410 0.569221
vt 0.455544 0.552283
vt 0.455561 0.552283
vt 0.455532 0.552283
vt 0.191815 0.601796
vt 0.192153 0.584820
vt 0.197145 0.584820
vt 0.202086 0.601796
vt 0.184766 0.601796
vt 0.188727 0.584820
vt 0.193177 0.575463
vt 0.196399 0.575463
vt 0.190966 0.575463
vt 0.194265 0.558525
vt 0.194282 0.558525
vt 0.194254 0.558525
vt 0.320949 0.630040
vt 0.320949 0.645243
vt 0.314639 0.641965
vt 0.315903 0.630698
vt 0.320949 0.619606
vt 0.315903 0.621702
vt 0.463243 0.633561
vt 0.463243 0.618358
vt 0.468289 0.619797
vt 0.469553 0.632016
vt 0.463243 0.643995
vt 0.469553 0.639259
vt 0.580821 0.032424
vt 0.581920 0.039228
vt 0.576593 0.039228
vt 0.575495 0.032424
vt 0.581532 0.045804
vt 0.576206 0.045804
vt 0.572938 0.039228
vt 0.570638 0.031160
vt 0.582044 0.050399
vt 0.576718 0.050399
vt 0.572550 0.045804
vt 0.582607 0.099430
vt 0.577281 0.099430
vt 0.573063 0.050399
vt 0.580871 0.147436
vt 0.575544 0.147436
vt 0.573626 0.099430
vt 0.583344 0.235676
vt 0.578018 0.235676
vt 0.571889 0.147436
vt 0.574362 0.235676
vt 0.628348 0.238471
vt 0.627249 0.245275
vt 0.621923 0.245275
vt 0.623021 0.238471
vt 0.627636 0.251850
vt 0.622310 0.251850
vt 0.618267 0.245275
vt 0.619366 0.238471
vt 0.627124 0.256446
vt 0.621798 0.256446
vt 0.618655 0.251850
vt 0.626561 0.305477
vt 0.621235 0.305477
vt 0.618143 0.256446
vt 0.628298 0.353483
vt 0.622972 0.353483
vt 0.617580 0.305477
vt 0.625825 0.441722
vt 0.620498 0.441722
vt 0.619316 0.353483
vt 0.616843 0.441722
vt 0.113586 0.601707
vt 0.118250 0.584731
vt 0.123357 0.584731
vt 0.124092 0.601707
vt 0.118457 0.575374
vt 0.121752 0.575374
vt 0.119973 0.558436
vt 0.119990 0.558436
vt 0.273429 0.602955
vt 0.274165 0.585979
vt 0.279271 0.585979
vt 0.283935 0.602955
vt 0.275769 0.576622
vt 0.279065 0.576622
vt 0.277531 0.559684
vt 0.277548 0.559684
vt 0.603106 0.661958
vt 0.603106 0.646407
vt 0.608152 0.647479
vt 0.608152 0.660886
vt 0.484940 0.031086
vt 0.483302 0.037889
vt 0.477854 0.037889
vt 0.479491 0.031086
vt 0.483880 0.044465
vt 0.478432 0.044465
vt 0.483117 0.049060
vt 0.477668 0.049060
vt 0.482277 0.098092
vt 0.476829 0.098092
vt 0.484866 0.177406
vt 0.479417 0.177406
vt 0.481179 0.265646
vt 0.475731 0.265646
vt 0.303317 0.032335
vt 0.304954 0.039138
vt 0.299506 0.039138
vt 0.297156 0.031070
vt 0.304377 0.045714
vt 0.298929 0.045714
vt 0.305140 0.050309
vt 0.299692 0.050309
vt 0.305980 0.099340
vt 0.300531 0.099340
vt 0.303391 0.178655
vt 0.297943 0.178655
vt 0.307077 0.266895
vt 0.301629 0.266895
vt 0.626833 0.650424
vt 0.626833 0.626326
vt 0.638623 0.628074
vt 0.639285 0.650675
vt 0.639800 0.629285
vt 0.640375 0.649389
vt 0.611628 0.593290
vt 0.611628 0.621302
vt 0.599200 0.620164
vt 0.599838 0.594466
vt 0.598111 0.618878
vt 0.598661 0.595677
vt 0.133567 0.647393
vt 0.133567 0.623661
vt 0.140926 0.625192
vt 0.141844 0.647449
vt 0.142199 0.626085
vt 0.143010 0.645884
vt 0.476428 0.643150
vt 0.476428 0.662932
vt 0.468157 0.662001
vt 0.469076 0.644497
vt 0.466990 0.661035
vt 0.467802 0.645990
vt 0.312141 0.496315
vt 0.312141 0.435259
vt 0.322643 0.438088
vt 0.323000 0.493545
vt 0.323660 0.441060
vt 0.323951 0.490391
vt 0.308965 0.435227
vt 0.308965 0.496347
vt 0.298107 0.493568
vt 0.298464 0.438111
vt 0.297156 0.490415
vt 0.297447 0.441083
vt 0.325878 0.543195
vt 0.325878 0.494205
vt 0.336296 0.496550
vt 0.336758 0.540827
vt 0.485343 0.493380
vt 0.485343 0.541546
vt 0.474482 0.539315
vt 0.474953 0.495772
vt 0.184687 0.269777
vt 0.184687 0.354003
vt 0.133923 0.349894
vt 0.131433 0.273756
vt 0.129214 0.345662
vt 0.127323 0.278248
vt 0.433273 0.352754
vt 0.433273 0.268529
vt 0.486527 0.272507
vt 0.484038 0.348646
vt 0.490637 0.276999
vt 0.488746 0.344413
vt 0.329624 0.352703
vt 0.329624 0.268478
vt 0.367809 0.274587
vt 0.369830 0.353578
vt 0.371846 0.278820
vt 0.373727 0.349086
vt 0.599756 0.238768
vt 0.599756 0.325846
vt 0.559550 0.321868
vt 0.561571 0.242876
vt 0.555653 0.317375
vt 0.557534 0.247109
vt 0.227224 0.353711
vt 0.227224 0.269486
vt 0.268534 0.273594
vt 0.273076 0.349733
vt 0.273154 0.277827
vt 0.277677 0.345241
vt 0.559901 0.326929
vt 0.559901 0.411154
vt 0.514049 0.407176
vt 0.518591 0.331037
vt 0.509448 0.402684
vt 0.513971 0.335270
vt 0.111089 0.498400
vt 0.111089 0.437577
vt 0.116421 0.440313
vt 0.117513 0.495559
vt 0.117505 0.443144
vt 0.118498 0.492288
vt 0.132228 0.435050
vt 0.132228 0.495938
vt 0.125810 0.493252
vt 0.126908 0.438006
vt 0.124825 0.490239
vt 0.125823 0.441095
vt 0.379575 0.614011
vt 0.379575 0.571723
vt 0.386274 0.573771
vt 0.386980 0.611484
vt 0.385731 0.494117
vt 0.385731 0.541764
vt 0.378327 0.539790
vt 0.379032 0.496717
vt 0.326119 0.349537
vt 0.326119 0.433762
vt 0.278703 0.429654
vt 0.274574 0.353515
vt 0.274589 0.425421
vt 0.270932 0.358008
vt 0.112338 0.433763
vt 0.112338 0.349538
vt 0.163883 0.353517
vt 0.159754 0.429655
vt 0.167525 0.358009
vt 0.163868 0.425423
vt 0.382073 0.353393
vt 0.382073 0.269167
vt 0.417851 0.275277
vt 0.420748 0.354268
vt 0.422493 0.279509
vt 0.424795 0.349775
vt 0.542180 0.238210
vt 0.542180 0.325288
vt 0.503504 0.321309
vt 0.506402 0.242318
vt 0.499458 0.316817
vt 0.501760 0.246551
vt 0.631828 0.323208
vt 0.631828 0.238983
vt 0.646989 0.243091
vt 0.649483 0.319230
vt 0.651307 0.247324
vt 0.653378 0.314737
vt 0.220052 0.268954
vt 0.220052 0.353179
vt 0.202397 0.349201
vt 0.204891 0.273062
vt 0.198503 0.344709
vt 0.200574 0.277295
vt 0.136064 0.550273
vt 0.136064 0.493739
vt 0.162224 0.496168
vt 0.163201 0.547514
vt 0.164479 0.498619
vt 0.165311 0.544288
vt 0.368846 0.497015
vt 0.368846 0.544512
vt 0.341731 0.542140
vt 0.342814 0.499875
vt 0.339614 0.539533
vt 0.340561 0.502926
vt 0.659301 0.507054
vt 0.659301 0.470876
vt 0.671091 0.474131
vt 0.671753 0.508066
vt 0.659301 0.484978
vt 0.671091 0.486114
vt 0.672268 0.476945
vt 0.672843 0.507138
vt 0.659301 0.523902
vt 0.671730 0.521551
vt 0.079047 0.635009
vt 0.076084 0.634970
vt 0.076698 0.413033
vt 0.079662 0.413072
vt 0.075325 0.279853
vt 0.078289 0.279892
vt 0.081333 0.635036
vt 0.081948 0.413099
vt 0.074875 0.031154
vt 0.077838 0.031193
vt 0.080574 0.279918
vt 0.080124 0.031219
vt 0.088443 0.635572
vt 0.085479 0.635611
vt 0.084865 0.413674
vt 0.087828 0.413635
vt 0.086238 0.280493
vt 0.089201 0.280454
vt 0.090728 0.635545
vt 0.090114 0.413608
vt 0.086689 0.031794
vt 0.089652 0.031755
vt 0.091487 0.280428
vt 0.091938 0.031729
vt 0.044163 0.654308
vt 0.041200 0.654268
vt 0.041787 0.443259
vt 0.044750 0.443299
vt 0.040395 0.299271
vt 0.043358 0.299311
vt 0.046449 0.654333
vt 0.047036 0.443324
vt 0.039909 0.030387
vt 0.042872 0.030427
vt 0.045644 0.299336
vt 0.045158 0.030452
vt 0.053449 0.654864
vt 0.050486 0.654904
vt 0.049899 0.443895
vt 0.052862 0.443855
vt 0.051291 0.299907
vt 0.054254 0.299867
vt 0.055735 0.654840
vt 0.055148 0.443831
vt 0.051777 0.031023
vt 0.054740 0.030983
vt 0.056540 0.299843
vt 0.057026 0.030959
vt 0.442344 0.495888
vt 0.436884 0.512864
vt 0.432024 0.512864
vt 0.432345 0.495888
vt 0.436060 0.522221
vt 0.432923 0.522221
vt 0.433720 0.539159
vt 0.433704 0.539159
vt 0.208502 0.530427
vt 0.205955 0.547403
vt 0.201095 0.547403
vt 0.198503 0.530427
vt 0.204094 0.556760
vt 0.200957 0.556760
vt 0.201572 0.573698
vt 0.201555 0.573698
vt 0.124825 0.662540
vt 0.124825 0.647739
vt 0.129871 0.648190
vt 0.129871 0.660950
vt 0.598111 0.233901
vt 0.599325 0.227097
vt 0.604511 0.227097
vt 0.603297 0.233901
vt 0.598897 0.220522
vt 0.604083 0.220522
vt 0.599463 0.215926
vt 0.604649 0.215926
vt 0.600086 0.166895
vt 0.605271 0.166895
vt 0.598166 0.118889
vt 0.603352 0.118889
vt 0.600900 0.030650
vt 0.606085 0.030650
vt 0.507116 0.234929
vt 0.506027 0.226862
vt 0.511213 0.226862
vt 0.512427 0.233665
vt 0.506455 0.220286
vt 0.511641 0.220286
vt 0.505889 0.215691
vt 0.511075 0.215691
vt 0.505267 0.166659
vt 0.510453 0.166659
vt 0.507186 0.118654
vt 0.512372 0.118654
vt 0.504453 0.030414
vt 0.509639 0.030414
vt 0.601322 0.532901
vt 0.596646 0.549877
vt 0.592224 0.549877
vt 0.592224 0.532901
vt 0.595078 0.559234
vt 0.592224 0.559234
vt 0.587802 0.549877
vt 0.583126 0.532901
vt 0.592239 0.576172
vt 0.592224 0.576172
vt 0.589370 0.559234
vt 0.592209 0.576172
vt 0.613453 0.534147
vt 0.613453 0.551124
vt 0.609031 0.551124
vt 0.604355 0.534147
vt 0.622552 0.534147
vt 0.617876 0.551124
vt 0.613453 0.560480
vt 0.610599 0.560480
vt 0.616307 0.560480
vt 0.613453 0.577419
vt 0.613438 0.577419
vt 0.613468 0.577419
vt 0.287166 0.617953
vt 0.287166 0.604485
vt 0.293476 0.604652
vt 0.292211 0.616096
vt 0.287166 0.591018
vt 0.293476 0.595303
vt 0.638138 0.597261
vt 0.638138 0.610729
vt 0.633093 0.610729
vt 0.631828 0.601546
vt 0.638138 0.624196
vt 0.633093 0.622339
vt 0.314362 0.264884
vt 0.314362 0.258080
vt 0.319080 0.258080
vt 0.319080 0.264884
vt 0.309644 0.264884
vt 0.309644 0.258080
vt 0.314362 0.251505
vt 0.319080 0.251505
vt 0.309644 0.251505
vt 0.314362 0.246909
vt 0.319080 0.246909
vt 0.309644 0.246909
vt 0.314362 0.197878
vt 0.319080 0.197878
vt 0.309644 0.197878
vt 0.314362 0.118563
vt 0.319080 0.118563
vt 0.309644 0.118563
vt 0.314362 0.030323
vt 0.319080 0.030323
vt 0.309644 0.030323
vt 0.119279 0.264739
vt 0.119279 0.257935
vt 0.123997 0.257935
vt 0.123997 0.264739
vt 0.113586 0.266003
vt 0.114561 0.257935
vt 0.119279 0.251360
vt 0.123997 0.251360
vt 0.114561 0.251360
vt 0.119279 0.246765
vt 0.123997 0.246765
vt 0.114561 0.246765
vt 0.119279 0.197733
vt 0.123997 0.197733
vt 0.114561 0.197733
vt 0.119279 0.118418
vt 0.123997 0.118418
vt 0.114561 0.118418
vt 0.119279 0.030179
vt 0.123997 0.030179
vt 0.114561 0.030179
vt 0.575969 0.534025
vt 0.570501 0.551001
vt 0.565643 0.551001
vt 0.565974 0.534025
vt 0.569675 0.560358
vt 0.566540 0.560358
vt 0.567332 0.577296
vt 0.567316 0.577296
vt 0.382077 0.543210
vt 0.379526 0.560186
vt 0.374669 0.560186
vt 0.372083 0.543210
vt 0.377663 0.569543
vt 0.374528 0.569543
vt 0.375137 0.586481
vt 0.375121 0.586481
vt 0.289714 0.650396
vt 0.289714 0.665191
vt 0.284668 0.664743
vt 0.284668 0.651989
vt 0.334619 0.265237
vt 0.335835 0.258433
vt 0.341018 0.258433
vt 0.339802 0.265237
vt 0.335406 0.251858
vt 0.340589 0.251858
vt 0.335973 0.247263
vt 0.341156 0.247263
vt 0.336596 0.198231
vt 0.341779 0.198231
vt 0.334674 0.118916
vt 0.339857 0.118916
vt 0.337411 0.030676
vt 0.342594 0.030676
vt 0.162460 0.266707
vt 0.161367 0.258640
vt 0.166550 0.258640
vt 0.167766 0.265443
vt 0.161796 0.252064
vt 0.166979 0.252064
vt 0.161229 0.247469
vt 0.166412 0.247469
vt 0.160606 0.198437
vt 0.165789 0.198437
vt 0.162528 0.119122
vt 0.167711 0.119122
vt 0.159791 0.030883
vt 0.164974 0.030883
vt 0.121409 0.543341
vt 0.115949 0.560318
vt 0.111089 0.560318
vt 0.111410 0.543341
vt 0.115124 0.569674
vt 0.111988 0.569674
vt 0.112785 0.586612
vt 0.112768 0.586612
vt 0.192268 0.544164
vt 0.189721 0.561140
vt 0.184861 0.561140
vt 0.182269 0.544164
vt 0.187860 0.570497
vt 0.184723 0.570497
vt 0.185338 0.587435
vt 0.185321 0.587435
vt 0.479477 0.662541
vt 0.479477 0.647740
vt 0.484523 0.648191
vt 0.484523 0.660951
vt 0.623087 0.233901
vt 0.624301 0.227098
vt 0.629487 0.227098
vt 0.628273 0.233901
vt 0.623873 0.220522
vt 0.629058 0.220522
vt 0.624439 0.215927
vt 0.629624 0.215927
vt 0.625061 0.166895
vt 0.630247 0.166895
vt 0.623142 0.118890
vt 0.628327 0.118890
vt 0.625875 0.030650
vt 0.631061 0.030650
vt 0.534589 0.234930
vt 0.533500 0.226862
vt 0.538686 0.226862
vt 0.539900 0.233665
vt 0.533929 0.220286
vt 0.539114 0.220286
vt 0.533363 0.215691
vt 0.538548 0.215691
vt 0.532740 0.166659
vt 0.537926 0.166659
vt 0.534659 0.118654
vt 0.539845 0.118654
vt 0.531926 0.030414
vt 0.537112 0.030414
vt 0.299118 0.544138
vt 0.294442 0.561114
vt 0.290020 0.561114
vt 0.290020 0.544138
vt 0.292874 0.570471
vt 0.290020 0.570471
vt 0.285598 0.561114
vt 0.280922 0.544138
vt 0.290035 0.587409
vt 0.290020 0.587409
vt 0.287166 0.570471
vt 0.290005 0.587409
vt 0.508556 0.545386
vt 0.508556 0.562362
vt 0.504134 0.562362
vt 0.499458 0.545386
vt 0.517654 0.545386
vt 0.512978 0.562362
vt 0.508556 0.571719
vt 0.505702 0.571719
vt 0.511410 0.571719
vt 0.508556 0.588657
vt 0.508541 0.588657
vt 0.508571 0.588657
vt 0.111089 0.632939
vt 0.111089 0.619472
vt 0.117399 0.619638
vt 0.116134 0.631082
vt 0.111089 0.606004
vt 0.117399 0.610289
vt 0.505768 0.609751
vt 0.505768 0.623218
vt 0.500722 0.623218
vt 0.499458 0.614036
vt 0.505768 0.636686
vt 0.500722 0.634829
vt 0.365562 0.264884
vt 0.365562 0.258081
vt 0.370280 0.258081
vt 0.370280 0.264884
vt 0.360844 0.264884
vt 0.360844 0.258081
vt 0.365562 0.251505
vt 0.370280 0.251505
vt 0.360844 0.251505
vt 0.365562 0.246910
vt 0.370280 0.246910
vt 0.360844 0.246910
vt 0.365562 0.197878
vt 0.370280 0.197878
vt 0.360844 0.197878
vt 0.365562 0.118564
vt 0.370280 0.118564
vt 0.360844 0.118564
vt 0.365562 0.030324
vt 0.370280 0.030324
vt 0.360844 0.030324
vt 0.177971 0.264739
vt 0.177971 0.257936
vt 0.182689 0.257936
vt 0.182689 0.264739
vt 0.172278 0.266004
vt 0.173253 0.257936
vt 0.177971 0.251360
vt 0.182689 0.251360
vt 0.173253 0.251360
vt 0.177971 0.246765
vt 0.182689 0.246765
vt 0.173253 0.246765
vt 0.177971 0.197733
vt 0.182689 0.197733
vt 0.173253 0.197733
vt 0.177971 0.118419
vt 0.182689 0.118419
vt 0.173253 0.118419
vt 0.177971 0.030179
vt 0.182689 0.030179
vt 0.173253 0.030179
vt 0.342447 0.545261
vt 0.336980 0.562238
vt 0.332122 0.562238
vt 0.332453 0.545261
vt 0.336154 0.571594
vt 0.333019 0.571594
vt 0.333811 0.588532
vt 0.333795 0.588532
vt 0.549413 0.545708
vt 0.546863 0.562684
vt 0.542005 0.562684
vt 0.539419 0.545708
vt 0.544999 0.572041
vt 0.541864 0.572041
vt 0.542473 0.588979
vt 0.542457 0.588979
vt 0.447059 0.650398
vt 0.447059 0.665192
vt 0.442014 0.664744
vt 0.442014 0.651990
vt 0.385819 0.265237
vt 0.387035 0.258434
vt 0.392218 0.258434
vt 0.391002 0.265237
vt 0.386606 0.251858
vt 0.391789 0.251858
vt 0.387173 0.247263
vt 0.392356 0.247263
vt 0.387796 0.198231
vt 0.392979 0.198231
vt 0.385874 0.118917
vt 0.391057 0.118917
vt 0.388611 0.030677
vt 0.393794 0.030677
vt 0.221152 0.266708
vt 0.220059 0.258640
vt 0.225243 0.258640
vt 0.226458 0.265444
vt 0.220488 0.252064
vt 0.225671 0.252064
vt 0.219921 0.247469
vt 0.225105 0.247469
vt 0.219298 0.198438
vt 0.224481 0.198438
vt 0.221220 0.119123
vt 0.226403 0.119123
vt 0.218483 0.030883
vt 0.223666 0.030883
vt 0.312471 0.544589
vt 0.307011 0.561566
vt 0.302151 0.561566
vt 0.302472 0.544589
vt 0.306187 0.570922
vt 0.303050 0.570922
vt 0.303847 0.587860
vt 0.303831 0.587860
vt 0.325887 0.545413
vt 0.323340 0.562389
vt 0.318480 0.562389
vt 0.315888 0.545413
vt 0.321479 0.571746
vt 0.318342 0.571746
vt 0.318957 0.588684
vt 0.318941 0.588684
vt 0.611848 0.663790
vt 0.611848 0.648989
vt 0.616893 0.649440
vt 0.616893 0.662200
vt 0.648062 0.233901
vt 0.649276 0.227098
vt 0.654462 0.227098
vt 0.653248 0.233901
vt 0.648848 0.220522
vt 0.654034 0.220522
vt 0.649414 0.215927
vt 0.654600 0.215927
vt 0.650037 0.166895
vt 0.655222 0.166895
vt 0.648117 0.118890
vt 0.653303 0.118890
vt 0.650851 0.030650
vt 0.656036 0.030650
vt 0.562062 0.234930
vt 0.560973 0.226862
vt 0.566159 0.226862
vt 0.567373 0.233665
vt 0.561402 0.220286
vt 0.566587 0.220286
vt 0.560836 0.215691
vt 0.566021 0.215691
vt 0.560213 0.166659
vt 0.565399 0.166659
vt 0.562133 0.118654
vt 0.567318 0.118654
vt 0.559399 0.030414
vt 0.564585 0.030414
vt 0.404015 0.552880
vt 0.399340 0.569856
vt 0.394917 0.569856
vt 0.394917 0.552880
vt 0.397771 0.579213
vt 0.394917 0.579213
vt 0.390495 0.569856
vt 0.385819 0.552880
vt 0.394932 0.596151
vt 0.394917 0.596151
vt 0.392063 0.579213
vt 0.394902 0.596151
vt 0.527288 0.554128
vt 0.527288 0.571104
vt 0.522866 0.571104
vt 0.518190 0.554128
vt 0.536386 0.554128
vt 0.531710 0.571104
vt 0.527288 0.580461
vt 0.524434 0.580461
vt 0.530142 0.580461
vt 0.527288 0.597399
vt 0.527273 0.597399
vt 0.527303 0.597399
vt 0.212239 0.642928
vt 0.212239 0.629460
vt 0.218549 0.629627
vt 0.217284 0.641071
vt 0.212239 0.615993
vt 0.218549 0.620278
vt 0.392129 0.612247
vt 0.392129 0.625715
vt 0.387084 0.625715
vt 0.385819 0.616532
vt 0.392129 0.639182
vt 0.387084 0.637325
vt 0.416762 0.264884
vt 0.416762 0.258081
vt 0.421480 0.258081
vt 0.421480 0.264884
vt 0.412044 0.264884
vt 0.412044 0.258081
vt 0.416762 0.251505
vt 0.421480 0.251505
vt 0.412044 0.251505
vt 0.416762 0.246910
vt 0.421480 0.246910
vt 0.412044 0.246910
vt 0.416762 0.197878
vt 0.421480 0.197878
vt 0.412044 0.197878
vt 0.416762 0.118564
vt 0.421480 0.118564
vt 0.412044 0.118564
vt 0.416762 0.030324
vt 0.421480 0.030324
vt 0.412044 0.030324
vt 0.235415 0.264739
vt 0.235415 0.257936
vt 0.240133 0.257936
vt 0.240133 0.264739
vt 0.229722 0.266004
vt 0.230696 0.257936
vt 0.235415 0.251360
vt 0.240133 0.251360
vt 0.230697 0.251360
vt 0.235415 0.246765
vt 0.240133 0.246765
vt 0.230696 0.246765
vt 0.235415 0.197733
vt 0.240133 0.197733
vt 0.230697 0.197733
vt 0.235415 0.118419
vt 0.240133 0.118419
vt 0.230697 0.118419
vt 0.235415 0.030179
vt 0.240133 0.030179
vt 0.230696 0.030179
vt 0.227560 0.549008
vt 0.222092 0.565984
vt 0.217234 0.565984
vt 0.217566 0.549008
vt 0.221267 0.575341
vt 0.218131 0.575341
vt 0.218924 0.592279
vt 0.218907 0.592279
vt 0.275931 0.555698
vt 0.273380 0.572674
vt 0.268523 0.572674
vt 0.265937 0.555698
vt 0.271517 0.582031
vt 0.268382 0.582031
vt 0.268991 0.598969
vt 0.268975 0.598969
vt 0.595664 0.650399
vt 0.595664 0.665193
vt 0.590619 0.664746
vt 0.590619 0.651992
vt 0.437019 0.265237
vt 0.438235 0.258434
vt 0.443418 0.258434
vt 0.442202 0.265237
vt 0.437806 0.251858
vt 0.442989 0.251858
vt 0.438373 0.247263
vt 0.443556 0.247263
vt 0.438996 0.198231
vt 0.444179 0.198231
vt 0.437074 0.118917
vt 0.442257 0.118917
vt 0.439811 0.030677
vt 0.444994 0.030677
vt 0.274849 0.266708
vt 0.273757 0.258640
vt 0.278940 0.258640
vt 0.280156 0.265443
vt 0.274186 0.252064
vt 0.279369 0.252064
vt 0.273619 0.247469
vt 0.278802 0.247469
vt 0.272996 0.198437
vt 0.278179 0.198437
vt 0.274918 0.119123
vt 0.280101 0.119123
vt 0.272180 0.030883
vt 0.277363 0.030883
vt 0.441096 0.559576
vt 0.435636 0.576552
vt 0.430775 0.576552
vt 0.431096 0.559576
vt 0.434811 0.585909
vt 0.431674 0.585909
vt 0.432471 0.602847
vt 0.432455 0.602847
vt 0.260951 0.565392
vt 0.258403 0.582368
vt 0.253543 0.582368
vt 0.250951 0.565392
vt 0.256542 0.591725
vt 0.253406 0.591725
vt 0.254020 0.608663
vt 0.254004 0.608663
vt 0.136064 0.665038
vt 0.136064 0.650236
vt 0.141110 0.650687
vt 0.141110 0.663448
vt 0.668043 0.397488
vt 0.669257 0.390684
vt 0.674442 0.390684
vt 0.673228 0.397488
vt 0.668828 0.384109
vt 0.674014 0.384109
vt 0.669395 0.379513
vt 0.674580 0.379513
vt 0.670017 0.330482
vt 0.675202 0.330482
vt 0.668098 0.282476
vt 0.673283 0.282476
vt 0.670831 0.194237
vt 0.676017 0.194237
vt 0.589535 0.234929
vt 0.588446 0.226862
vt 0.593632 0.226862
vt 0.594846 0.233665
vt 0.588875 0.220286
vt 0.594060 0.220286
vt 0.588308 0.215691
vt 0.593494 0.215691
vt 0.587686 0.166659
vt 0.592872 0.166659
vt 0.589606 0.118654
vt 0.594791 0.118654
vt 0.586872 0.030414
vt 0.592058 0.030414
vt 0.656269 0.576606
vt 0.651593 0.593583
vt 0.647170 0.593583
vt 0.647170 0.576606
vt 0.650024 0.602939
vt 0.647170 0.602939
vt 0.642748 0.593583
vt 0.638072 0.576606
vt 0.647185 0.619878
vt 0.647170 0.619878
vt 0.644316 0.602939
vt 0.647156 0.619878
vt 0.624692 0.581601
vt 0.624692 0.598578
vt 0.620270 0.598578
vt 0.615594 0.581601
vt 0.633791 0.581601
vt 0.629115 0.598578
vt 0.624692 0.607934
vt 0.621839 0.607934
vt 0.627546 0.607934
vt 0.624692 0.624873
vt 0.624678 0.624873
vt 0.624707 0.624873
vt 0.295907 0.642929
vt 0.295907 0.629461
vt 0.302217 0.629628
vt 0.300953 0.641072
vt 0.295907 0.615994
vt 0.302217 0.620279
vt 0.495777 0.613497
vt 0.495777 0.626965
vt 0.490732 0.626965
vt 0.489468 0.617783
vt 0.495777 0.640433
vt 0.490732 0.638575
vt 0.467962 0.264885
vt 0.467962 0.258081
vt 0.472680 0.258081
vt 0.472680 0.264885
vt 0.463244 0.264885
vt 0.463243 0.258081
vt 0.467962 0.251505
vt 0.472680 0.251505
vt 0.463243 0.251505
vt 0.467962 0.246910
vt 0.472680 0.246910
vt 0.463243 0.246910
vt 0.467962 0.197879
vt 0.472680 0.197879
vt 0.463243 0.197879
vt 0.467962 0.118564
vt 0.472680 0.118564
vt 0.463243 0.118564
vt 0.467962 0.030324
vt 0.472680 0.030324
vt 0.463243 0.030324
vt 0.289112 0.264740
vt 0.289112 0.257936
vt 0.293831 0.257936
vt 0.293831 0.264740
vt 0.283419 0.266004
vt 0.284394 0.257936
vt 0.289112 0.251360
vt 0.293831 0.251360
vt 0.284394 0.251360
vt 0.289112 0.246765
vt 0.293831 0.246765
vt 0.284394 0.246765
vt 0.289112 0.197734
vt 0.293831 0.197734
vt 0.284394 0.197734
vt 0.289112 0.118419
vt 0.293831 0.118419
vt 0.284394 0.118419
vt 0.289112 0.030179
vt 0.293831 0.030179
vt 0.284394 0.030179
vt 0.534903 0.634812
vt 0.534903 0.658401
vt 0.523113 0.657296
vt 0.523113 0.635958
vt 0.521936 0.655544
vt 0.521936 0.637746
vt 0.656804 0.665672
vt 0.656804 0.647605
vt 0.669256 0.648742
vt 0.669232 0.664513
vt 0.670345 0.650509
vt 0.670320 0.662700
vt 0.312032 0.641179
vt 0.312032 0.664336
vt 0.304680 0.663432
vt 0.304673 0.642579
vt 0.303406 0.661901
vt 0.303400 0.644518
vt 0.450756 0.657324
vt 0.450756 0.634086
vt 0.459033 0.635224
vt 0.459027 0.656035
vt 0.460199 0.636729
vt 0.460194 0.654090
vt 0.653569 0.642939
vt 0.653569 0.663027
vt 0.643067 0.662048
vt 0.643067 0.643867
vt 0.314639 0.664543
vt 0.314639 0.647361
vt 0.325497 0.648234
vt 0.325497 0.663761
vt 0.175204 0.579655
vt 0.175204 0.615690
vt 0.164815 0.613934
vt 0.164786 0.581280
vt 0.414541 0.539679
vt 0.414541 0.495136
vt 0.425421 0.497410
vt 0.425401 0.537657
vt 0.188513 0.425670
vt 0.188513 0.354825
vt 0.239277 0.357941
vt 0.239277 0.422553
vt 0.243986 0.362779
vt 0.243986 0.417715
vt 0.429447 0.356356
vt 0.429447 0.424128
vt 0.376193 0.421279
vt 0.376193 0.359205
vt 0.372083 0.416752
vt 0.372083 0.363733
vt 0.536685 0.484817
vt 0.536685 0.544017
vt 0.498500 0.541214
vt 0.498500 0.487610
vt 0.494463 0.536780
vt 0.494463 0.492045
vt 0.611848 0.531110
vt 0.611848 0.470338
vt 0.652054 0.473225
vt 0.652054 0.528160
vt 0.655951 0.477831
vt 0.655951 0.523551
vt 0.185740 0.431446
vt 0.185740 0.495080
vt 0.144431 0.492120
vt 0.144431 0.434409
vt 0.139811 0.487392
vt 0.139811 0.439141
vt 0.563146 0.469663
vt 0.563146 0.402009
vt 0.608998 0.405334
vt 0.608998 0.466333
vt 0.613598 0.410493
vt 0.613598 0.461169
vt 0.608439 0.623724
vt 0.608439 0.644238
vt 0.603119 0.643566
vt 0.603106 0.625025
vt 0.274678 0.652985
vt 0.274678 0.635298
vt 0.281102 0.635974
vt 0.281096 0.651750
vt 0.499913 0.571929
vt 0.499913 0.610245
vt 0.493214 0.609082
vt 0.493214 0.573949
vt 0.511946 0.615095
vt 0.511946 0.581843
vt 0.519350 0.583030
vt 0.519350 0.613108
vt 0.442014 0.492932
vt 0.442014 0.427409
vt 0.489431 0.430209
vt 0.489431 0.490132
vt 0.493544 0.434623
vt 0.493544 0.485718
vt 0.438509 0.427011
vt 0.438509 0.493330
vt 0.386964 0.490461
vt 0.386964 0.429880
vt 0.383322 0.485966
vt 0.383322 0.434375
vt 0.293869 0.433821
vt 0.293869 0.495122
vt 0.258091 0.492148
vt 0.258091 0.436818
vt 0.253449 0.487508
vt 0.253449 0.441455
vt 0.560648 0.531678
vt 0.560648 0.472146
vt 0.599323 0.474995
vt 0.599323 0.528866
vt 0.603370 0.479447
vt 0.603370 0.524416
vt 0.471483 0.493755
vt 0.471483 0.552545
vt 0.456322 0.549736
vt 0.456322 0.496563
vt 0.452004 0.545316
vt 0.452004 0.500984
vt 0.389566 0.551482
vt 0.389566 0.492327
vt 0.407221 0.495168
vt 0.407221 0.548639
vt 0.411115 0.499628
vt 0.411115 0.544179
vt 0.665238 0.530905
vt 0.665238 0.575227
vt 0.639206 0.573450
vt 0.639078 0.533201
vt 0.636953 0.570501
vt 0.636823 0.536690
vt 0.398307 0.633171
vt 0.398307 0.590088
vt 0.425443 0.591903
vt 0.425422 0.630816
vt 0.427554 0.594869
vt 0.427538 0.627239
vt 0.328375 0.653741
vt 0.330661 0.651639
vt 0.329053 0.656771
vt 0.334302 0.655598
vt 0.333625 0.652568
vt 0.332016 0.657700
vt 0.634580 0.657786
vt 0.631617 0.658714
vt 0.635257 0.654755
vt 0.630008 0.653583
vt 0.629331 0.656613
vt 0.632971 0.652654
vt 0.559399 0.654952
vt 0.561685 0.652850
vt 0.560076 0.657982
vt 0.565326 0.656809
vt 0.564648 0.653779
vt 0.563040 0.658911
vt 0.543419 0.659084
vt 0.540456 0.660013
vt 0.544096 0.656054
vt 0.538847 0.654881
vt 0.538170 0.657911
vt 0.541810 0.653952
vt 0.257002 0.616567
vt 0.259212 0.626838
vt 0.255470 0.630223
vt 0.252200 0.615020
vt 0.269211 0.630060
vt 0.270272 0.634992
vt 0.264792 0.609518
vt 0.263731 0.604586
vt 0.277001 0.623011
vt 0.281803 0.624558
vt 0.269120 0.630256
vt 0.258845 0.626945
vt 0.274792 0.612740
vt 0.278533 0.609355
vt 0.358925 0.657076
vt 0.360070 0.651750
vt 0.367493 0.649396
vt 0.362890 0.660663
vt 0.356156 0.646893
vt 0.357552 0.640401
vt 0.353739 0.658747
vt 0.352614 0.663974
vt 0.350845 0.649765
vt 0.344792 0.644512
vt 0.349699 0.655091
vt 0.344610 0.656731
vt 0.673041 0.169396
vt 0.673070 0.169390
vt 0.673058 0.169402
vt 0.673067 0.169373
vt 0.673050 0.169368
vt 0.673038 0.169379
vt 0.320971 0.599232
vt 0.311872 0.593979
vt 0.311872 0.588934
vt 0.325340 0.596710
vt 0.302774 0.599232
vt 0.298405 0.596710
vt 0.320971 0.609738
vt 0.325340 0.612261
vt 0.302774 0.609738
vt 0.298405 0.612261
vt 0.311872 0.614991
vt 0.311872 0.620036
vt 0.302690 0.609829
vt 0.302690 0.599033
vt 0.434726 0.636382
vt 0.430008 0.639106
vt 0.423283 0.635181
vt 0.434726 0.631035
vt 0.429033 0.645268
vt 0.423283 0.648588
vt 0.439445 0.639106
vt 0.444075 0.636433
vt 0.434726 0.647278
vt 0.434893 0.655291
vt 0.439445 0.644554
vt 0.444076 0.647228
vt 0.674301 0.189876
vt 0.674286 0.189902
vt 0.674286 0.189885
vt 0.674301 0.189911
vt 0.674316 0.189902
vt 0.674316 0.189885
vt 0.153360 0.611485
vt 0.151167 0.601210
vt 0.154913 0.597831
vt 0.158160 0.613039
vt 0.141172 0.597973
vt 0.140119 0.593039
vt 0.145559 0.618521
vt 0.146613 0.623455
vt 0.133371 0.605010
vt 0.128572 0.603455
vt 0.141264 0.597777
vt 0.151534 0.601104
vt 0.135565 0.615284
vt 0.131819 0.618663
vt 0.405615 0.642146
vt 0.404477 0.647474
vt 0.397058 0.649839
vt 0.401644 0.638565
vt 0.408400 0.652325
vt 0.407013 0.658819
vt 0.410798 0.640467
vt 0.411915 0.635238
vt 0.413706 0.649445
vt 0.419767 0.654688
vt 0.414843 0.644117
vt 0.419931 0.642469
vt 0.673067 0.164521
vt 0.673038 0.164527
vt 0.673050 0.164516
vt 0.673041 0.164544
vt 0.673058 0.164549
vt 0.673070 0.164538
vt 0.184573 0.619065
vt 0.186783 0.629336
vt 0.183042 0.632721
vt 0.179771 0.617518
vt 0.196782 0.632558
vt 0.197843 0.637490
vt 0.192363 0.612016
vt 0.191302 0.607084
vt 0.204572 0.625509
vt 0.209374 0.627056
vt 0.196691 0.632754
vt 0.186416 0.629443
vt 0.202363 0.615238
vt 0.206104 0.611853
vt 0.507529 0.657077
vt 0.508675 0.651751
vt 0.516098 0.649398
vt 0.511494 0.660665
vt 0.504760 0.646895
vt 0.506157 0.640403
vt 0.502344 0.658749
vt 0.501219 0.663976
vt 0.499449 0.649767
vt 0.493396 0.644514
vt 0.498304 0.655093
vt 0.493214 0.656733
vt 0.673041 0.159407
vt 0.673070 0.159400
vt 0.673058 0.159412
vt 0.673067 0.159383
vt 0.673050 0.159378
vt 0.673038 0.159390
vt 0.485809 0.600483
vt 0.476711 0.595230
vt 0.476711 0.590185
vt 0.490178 0.597960
vt 0.467613 0.600483
vt 0.463243 0.597960
vt 0.485809 0.610988
vt 0.490178 0.613511
vt 0.467613 0.610988
vt 0.463243 0.613511
vt 0.476711 0.616241
vt 0.476711 0.621286
vt 0.467528 0.611079
vt 0.467528 0.600284
vt 0.553360 0.636381
vt 0.548642 0.639105
vt 0.541916 0.635180
vt 0.553360 0.631034
vt 0.547667 0.645267
vt 0.541916 0.648587
vt 0.558078 0.639105
vt 0.562709 0.636432
vt 0.553360 0.647277
vt 0.553527 0.655290
vt 0.558078 0.644553
vt 0.562709 0.647227
vt 0.673053 0.184881
vt 0.673038 0.184907
vt 0.673038 0.184890
vt 0.673053 0.184916
vt 0.673068 0.184907
vt 0.673068 0.184890
vt 0.455564 0.618979
vt 0.453370 0.608704
vt 0.457117 0.605325
vt 0.460364 0.620533
vt 0.443376 0.605467
vt 0.442322 0.600533
vt 0.447763 0.626015
vt 0.448816 0.630949
vt 0.435575 0.612504
vt 0.430775 0.610949
vt 0.443467 0.605271
vt 0.453737 0.608598
vt 0.437768 0.622778
vt 0.434022 0.626157
vt 0.183333 0.643395
vt 0.182195 0.648723
vt 0.174776 0.651088
vt 0.179362 0.639813
vt 0.186117 0.653573
vt 0.184731 0.660067
vt 0.188516 0.641716
vt 0.189632 0.636486
vt 0.191424 0.650693
vt 0.197485 0.655936
vt 0.192561 0.645365
vt 0.197648 0.643717
vt 0.673067 0.154532
vt 0.673038 0.154538
vt 0.673051 0.154526
vt 0.673041 0.154554
vt 0.673058 0.154560
vt 0.673070 0.154548
vt 0.356904 0.624060
vt 0.359114 0.634331
vt 0.355373 0.637716
vt 0.352102 0.622513
vt 0.369113 0.637553
vt 0.370174 0.642486
vt 0.364694 0.617012
vt 0.363633 0.612079
vt 0.376903 0.630504
vt 0.381705 0.632052
vt 0.369022 0.637749
vt 0.358747 0.634438
vt 0.374694 0.620234
vt 0.378435 0.616849
vt 0.226554 0.659573
vt 0.227700 0.654247
vt 0.235123 0.651893
vt 0.230519 0.663161
vt 0.223785 0.649390
vt 0.225182 0.642898
vt 0.221369 0.661244
vt 0.220244 0.666472
vt 0.218474 0.652262
vt 0.212421 0.647010
vt 0.217329 0.657589
vt 0.212239 0.659229
vt 0.673041 0.149416
vt 0.673070 0.149410
vt 0.673058 0.149421
vt 0.673067 0.149393
vt 0.673051 0.149388
vt 0.673038 0.149399
vt 0.350941 0.601730
vt 0.341843 0.596477
vt 0.341843 0.591431
vt 0.355311 0.599207
vt 0.332745 0.601730
vt 0.328375 0.599207
vt 0.350941 0.612235
vt 0.355311 0.614758
vt 0.332745 0.612235
vt 0.328376 0.614758
vt 0.341843 0.617488
vt 0.341843 0.622533
vt 0.332661 0.612326
vt 0.332660 0.601530
vt 0.577087 0.637630
vt 0.572369 0.640354
vt 0.565643 0.636429
vt 0.577087 0.632283
vt 0.571394 0.646515
vt 0.565643 0.649836
vt 0.581805 0.640354
vt 0.586436 0.637680
vt 0.577087 0.648526
vt 0.577254 0.656539
vt 0.581805 0.645802
vt 0.586436 0.648476
vt 0.673053 0.179886
vt 0.673038 0.179912
vt 0.673038 0.179895
vt 0.673053 0.179921
vt 0.673067 0.179912
vt 0.673067 0.179895
vt 0.546725 0.621474
vt 0.544531 0.611200
vt 0.548277 0.607820
vt 0.551524 0.623029
vt 0.534537 0.607962
vt 0.533483 0.603028
vt 0.538924 0.628511
vt 0.539977 0.633445
vt 0.526736 0.614999
vt 0.521936 0.613445
vt 0.534628 0.607767
vt 0.544898 0.611093
vt 0.528929 0.625273
vt 0.525183 0.628653
vt 0.104660 0.645894
vt 0.103523 0.651222
vt 0.096104 0.653587
vt 0.100690 0.642312
vt 0.107445 0.656072
vt 0.106059 0.662567
vt 0.109844 0.644215
vt 0.110960 0.638985
vt 0.112751 0.653192
vt 0.118813 0.658435
vt 0.113889 0.647864
vt 0.118976 0.646216
vt 0.673067 0.144541
vt 0.673038 0.144547
vt 0.673051 0.144536
vt 0.673041 0.144564
vt 0.673058 0.144569
vt 0.673070 0.144558
vt 0.650367 0.626558
vt 0.652576 0.636828
vt 0.648835 0.640213
vt 0.645565 0.625010
vt 0.662576 0.640050
vt 0.663637 0.644983
vt 0.658157 0.619509
vt 0.657096 0.614576
vt 0.670366 0.633002
vt 0.675168 0.634549
vt 0.662485 0.640247
vt 0.652209 0.636936
vt 0.668156 0.622731
vt 0.671897 0.619346
vt 0.385149 0.658325
vt 0.386295 0.652998
vt 0.393718 0.650645
vt 0.389114 0.661913
vt 0.382380 0.648142
vt 0.383776 0.641650
vt 0.379963 0.659995
vt 0.378839 0.665223
vt 0.377069 0.651014
vt 0.371016 0.645761
vt 0.375923 0.656340
vt 0.370834 0.657980
vt 0.673041 0.139426
vt 0.673070 0.139419
vt 0.673058 0.139431
vt 0.673067 0.139403
vt 0.673050 0.139397
vt 0.673038 0.139409
vt 0.239800 0.601730
vt 0.230702 0.596477
vt 0.230702 0.591432
vt 0.244169 0.599208
vt 0.221604 0.601730
vt 0.217234 0.599208
vt 0.239800 0.612236
vt 0.244169 0.614759
vt 0.221604 0.612236
vt 0.217234 0.614759
vt 0.230702 0.617489
vt 0.230702 0.622534
vt 0.221519 0.612327
vt 0.221519 0.601531
vt 0.262395 0.641377
vt 0.257677 0.644101
vt 0.250951 0.640176
vt 0.262395 0.636030
vt 0.256702 0.650262
vt 0.250951 0.653583
vt 0.267113 0.644101
vt 0.271744 0.641427
vt 0.262395 0.652273
vt 0.262562 0.660286
vt 0.267113 0.649549
vt 0.271744 0.652223
vt 0.673053 0.174892
vt 0.673038 0.174917
vt 0.673038 0.174900
vt 0.673053 0.174926
vt 0.673067 0.174917
vt 0.673067 0.174900
vt 0.073900 0.660145
vt 0.073626 0.640041
vt 0.091424 0.640041
vt 0.086091 0.663243
vt 0.149503 0.668821
vt 0.146054 0.649022
vt 0.163438 0.646017
vt 0.166864 0.661062
vt 0.541388 0.537669
vt 0.540897 0.488338
vt 0.556065 0.488338
vt 0.554320 0.537669
vt 0.539419 0.485366
vt 0.557600 0.485366
vt 0.555566 0.540823
vt 0.540040 0.540823
vt 0.284420 0.538757
vt 0.288731 0.499582
vt 0.316022 0.501818
vt 0.317949 0.540390
vt 0.280922 0.541459
vt 0.286120 0.497182
vt 0.318774 0.499338
vt 0.321169 0.542880
vt 0.557177 0.415232
vt 0.558140 0.482645
vt 0.503204 0.482645
vt 0.504158 0.415232
vt 0.563146 0.397213
vt 0.563624 0.326946
vt 0.608358 0.326946
vt 0.608866 0.397213
vt 0.329624 0.492013
vt 0.330801 0.424600
vt 0.379052 0.424600
vt 0.380301 0.492013
vt 0.263093 0.548628
vt 0.255324 0.499484
vt 0.270767 0.498189
vt 0.275851 0.547333
vt 0.253449 0.496652
vt 0.271991 0.495099
vt 0.277679 0.550345
vt 0.261903 0.551899
vt 0.561788 0.627577
vt 0.549855 0.594800
vt 0.579981 0.590431
vt 0.586866 0.628568
vt 0.559741 0.630553
vt 0.546911 0.592841
vt 0.582045 0.587601
vt 0.589818 0.630674
vt 0.251342 0.428961
vt 0.251092 0.496374
vt 0.199998 0.496374
vt 0.199751 0.428961
vt 0.455028 0.424690
vt 0.454502 0.354424
vt 0.500554 0.354424
vt 0.499997 0.424690
vt 0.629331 0.469445
vt 0.629437 0.402031
vt 0.673768 0.402031
vt 0.673881 0.469445
vt 0.215471 0.545482
vt 0.210990 0.499813
vt 0.244801 0.504231
vt 0.247841 0.540838
vt 0.178248 0.528242
vt 0.190895 0.498049
vt 0.205003 0.508044
vt 0.185930 0.539717
vt 0.190253 0.495235
vt 0.207167 0.507218
vt 0.186544 0.542655
vt 0.176025 0.529171
vt 0.100418 0.635362
vt 0.097387 0.635350
vt 0.096104 0.413413
vt 0.099134 0.413425
vt 0.096876 0.280232
vt 0.099906 0.280244
vt 0.096374 0.031533
vt 0.099404 0.031545
vt 0.107875 0.635426
vt 0.104845 0.635438
vt 0.106129 0.413501
vt 0.109159 0.413489
vt 0.105357 0.280320
vt 0.108387 0.280308
vt 0.105859 0.031621
vt 0.108889 0.031609
vt 0.064233 0.655421
vt 0.061203 0.655406
vt 0.059889 0.444397
vt 0.062920 0.444412
vt 0.060641 0.300409
vt 0.063671 0.300424
vt 0.060101 0.031525
vt 0.063131 0.031540
vt 0.070412 0.654233
vt 0.067382 0.654248
vt 0.068696 0.443239
vt 0.071726 0.443224
vt 0.067944 0.299251
vt 0.070975 0.299236
vt 0.068484 0.030367
vt 0.071514 0.030352
vt 0.460211 0.980336
vt 0.312513 0.980336
vt 0.312513 0.892891
vt 0.460211 0.892891
vt 0.170343 0.980336
vt 0.170343 0.892891
vt 0.020719 0.980336
vt 0.020719 0.892891
vt 0.612079 0.980336
vt 0.612079 0.892891
vt 0.312513 0.866373
vt 0.460211 0.866373
vt 0.170343 0.866373
vt 0.049622 0.866373
vt 0.577234 0.866373
vt 0.312513 0.832820
vt 0.460211 0.832820
vt 0.170343 0.832820
vt 0.049622 0.832820
vt 0.577234 0.832820
vt 0.312513 0.819224
vt 0.312513 0.819224
vt 0.460211 0.819224
vt 0.460211 0.819224
vt 0.170343 0.819224
vt 0.170343 0.819224
vt 0.038956 0.819224
vt 0.016129 0.819224
vt 0.605987 0.819224
vt 0.585000 0.819224
vt 0.870258 0.474510
vt 0.971308 0.455754
vt 0.978284 0.464564
vt 0.870417 0.485895
vt 0.892514 0.720469
vt 0.950010 0.676457
vt 0.964574 0.674703
vt 0.899512 0.729306
vt 0.749531 0.644527
vt 0.812784 0.678450
vt 0.807340 0.687908
vt 0.736296 0.645278
vt 0.764933 0.470573
vt 0.759217 0.480504
vt 0.986880 0.475527
vt 0.870470 0.500363
vt 0.752039 0.493093
vt 0.800504 0.699898
vt 0.719570 0.647980
vt 0.982651 0.674851
vt 0.908134 0.740302
vt 0.312513 0.754861
vt 0.460211 0.754861
vt 0.170343 0.754861
vt 0.016129 0.759702
vt 0.605987 0.759702
vt 0.858992 0.356986
vt 0.939537 0.346362
vt 0.782958 0.362254
vt 0.747722 0.588213
vt 0.829952 0.575287
vt 0.860647 0.610744
vt 0.949521 0.618117
vt 0.808035 0.877985
vt 0.879774 0.885704
vt 0.874165 0.936718
vt 0.809504 0.931796
vt 0.736522 0.889132
vt 0.746066 0.940428
vt 0.666015 0.913783
vt 0.676606 0.962296
vt 0.951735 0.904476
vt 0.945127 0.953737
vt 0.947026 0.314846
vt 0.857440 0.324078
vt 0.857661 0.301291
vt 0.953540 0.291722
vt 0.771736 0.331457
vt 0.763592 0.306342
vt 0.819264 0.545956
vt 0.733875 0.572876
vt 0.705383 0.561432
vt 0.811508 0.522036
vt 0.957129 0.598843
vt 0.868158 0.579133
vt 0.874692 0.555938
vt 0.984807 0.583925
vt 0.808146 0.871841
vt 0.880821 0.879118
vt 0.735516 0.883001
vt 0.670152 0.905707
vt 0.947108 0.896761
vt 0.807187 0.850264
vt 0.884518 0.854628
vt 0.730472 0.860754
vt 0.662883 0.888050
vt 0.953451 0.878953
vt 0.807277 0.841781
vt 0.886967 0.846229
vt 0.728211 0.851984
vt 0.652306 0.884196
vt 0.963028 0.874734
vt 0.807003 0.820296
vt 0.892544 0.826598
vt 0.721362 0.830889
vt 0.635690 0.870647
vt 0.979156 0.860588
vt 0.724267 0.019409
vt 0.985287 0.019426
vt 0.985270 0.280178
vt 0.724251 0.280162
vn 0.207147 0.172608 -0.962962
vn 0.207147 0.172608 -0.962962
vn 0.207147 0.172608 -0.962962
vn 0.207147 0.172608 -0.962962
vn -0.714884 0.265554 -0.646856
vn -0.714884 0.265554 -0.646856
vn -0.714884 0.265554 -0.646856
vn -0.714884 0.265554 -0.646856
vn -0.891017 0.351655 0.287102
vn -0.891017 0.351655 0.287102
vn -0.891017 0.351655 0.287102
vn -0.891017 0.351655 0.287102
vn -0.196879 0.351654 0.915193
vn -0.196879 0.351654 0.915193
vn -0.196879 0.351654 0.915193
vn -0.196879 0.351654 0.915193
vn 0.714886 0.265553 0.646854
vn 0.714886 0.265553 0.646854
vn 0.714886 0.265553 0.646854
vn 0.714886 0.265553 0.646854
vn 0.937522 0.172608 -0.302091
vn 0.937522 0.172608 -0.302091
vn 0.937522 0.172608 -0.302091
vn 0.937522 0.172608 -0.302091
vn 0.232544 -0.461852 -0.855930
vn 0.232544 -0.461852 -0.855930
vn 0.232544 -0.461852 -0.855930
vn 0.232544 -0.461852 -0.855930
vn 0.794947 -0.549952 -0.256148
vn 0.794947 -0.549952 -0.256148
vn 0.794947 -0.549952 -0.256148
vn 0.794947 -0.549952 -0.256148
vn 0.613423 -0.561811 0.555050
vn 0.613423 -0.561811 0.555050
vn 0.613422 -0.561811 0.555050
vn 0.613423 -0.561811 0.555050
vn -0.131382 -0.478145 0.868398
vn -0.131382 -0.478145 0.868398
vn -0.131382 -0.478145 0.868398
vn -0.131382 -0.478145 0.868398
vn -0.893223 -0.345423 0.287813
vn -0.893222 -0.345423 0.287813
vn -0.893222 -0.345423 0.287813
vn -0.893223 -0.345423 0.287813
vn -0.695865 -0.345423 -0.629647
vn -0.695865 -0.345423 -0.629647
vn -0.695865 -0.345423 -0.629647
vn -0.695865 -0.345423 -0.629647
vn 0.000000 1.000000 0.000000
vn 0.000000 1.000000 0.000000
vn 0.000000 1.000000 0.000000
vn 0.000000 1.000000 0.000000
vn 0.000000 1.000000 0.000000
vn 0.000000 1.000000 0.000000
vn 0.000000 1.000000 0.000000
vn 0.000000 1.000000 0.000000
vn 0.000000 1.000000 0.000000
vn 0.000000 1.000000 0.000000
vn 0.000000 1.000000 0.000000
vn 0.000000 1.000000 0.000000
vn 0.000000 1.000000 0.000000
vn 0.000000 1.000000 0.000000
vn 0.000000 1.000000 0.000000
vn 0.000000 1.000000 0.000000
vn 0.000000 1.000000 0.000000
vn 0.000000 1.000000 0.000000
vn 0.000000 1.000000 0.000000
vn 0.000000 1.000000 0.000000
vn 0.000000 1.000000 0.000000
vn 0.000000 1.000000 0.000000
vn 0.000000 1.000000 0.000000
vn 0.000000 1.000000 0.000000
vn -0.036102 -0.992808 -0.114148
vn -0.036102 -0.992808 -0.114148
vn -0.036102 -0.992808 -0.114148
vn -0.036102 -0.992808 -0.114148
vn -0.116323 -0.992879 -0.025680
vn -0.116323 -0.992879 -0.025680
vn -0.116323 -0.992879 -0.025680
vn -0.116323 -0.992879 -0.025680
vn -0.116578 -0.992881 -0.024421
vn -0.116578 -0.992881 -0.024421
vn -0.116578 -0.992881 -0.024421
vn -0.116578 -0.992881 -0.024421
vn -0.078182 -0.993105 0.087347
vn -0.078182 -0.993105 0.087347
vn -0.078182 -0.993105 0.087347
vn -0.078182 -0.993105 0.087347
vn -0.000000 -1.000000 0.000000
vn -0.000000 -1.000000 0.000000
vn -0.000000 -1.000000 0.000000
vn -0.000000 -1.000000 0.000000
vn -0.000000 -1.000000 0.000000
vn -0.000000 -1.000000 0.000000
vn -0.000000 -1.000000 0.000000
vn -0.000000 -1.000000 0.000000
vn 0.000000 1.000000 0.000000
vn 0.000000 1.000000 0.000000
vn 0.000000 1.000000 0.000000
vn 0.000000 1.000000 0.000000
vn 0.000000 1.000000 0.000000
vn 0.000000 1.000000 0.000000
vn 0.000000 1.000000 0.000000
vn 0.000000 1.000000 0.000000
vn 0.000000 1.000000 0.000000
vn 0.000000 1.000000 0.000000
vn 0.000000 1.000000 0.000000
vn 0.000000 1.000000 0.000000
vn 0.204849 0.226279 -0.952279
vn 0.204849 0.226279 -0.952279
vn 0.204849 0.226279 -0.952279
vn 0.204849 0.226279 -0.952279
vn -0.731304 0.165303 -0.661716
vn -0.731304 0.165303 -0.661716
vn -0.731305 0.165303 -0.661716
vn -0.731304 0.165303 -0.661716
vn -0.946809 0.102376 0.305076
vn -0.946809 0.102376 0.305076
vn -0.946809 0.102376 0.305076
vn -0.946809 0.102376 0.305076
vn -0.209206 0.102381 0.972497
vn -0.209206 0.102381 0.972497
vn -0.209206 0.102381 0.972497
vn -0.209206 0.102381 0.972497
vn 0.731304 0.165305 0.661717
vn 0.731304 0.165305 0.661717
vn 0.731304 0.165305 0.661717
vn 0.731304 0.165305 0.661717
vn 0.927120 0.226279 -0.298742
vn 0.927120 0.226279 -0.298742
vn 0.927120 0.226279 -0.298742
vn 0.927120 0.226279 -0.298742
vn 0.207192 0.171319 -0.963183
vn 0.207192 0.171319 -0.963183
vn 0.207192 0.171319 -0.963183
vn 0.207192 0.171319 -0.963183
vn -0.731297 0.165305 -0.661724
vn -0.731297 0.165305 -0.661724
vn -0.731297 0.165305 -0.661724
vn -0.731297 0.165305 -0.661724
vn -0.939657 0.159271 0.302784
vn -0.939657 0.159271 0.302784
vn -0.939657 0.159271 0.302784
vn -0.939657 0.159271 0.302784
vn -0.207616 0.159271 0.965157
vn -0.207616 0.159271 0.965157
vn -0.207616 0.159271 0.965157
vn -0.207616 0.159271 0.965157
vn 0.731297 0.165307 0.661724
vn 0.731297 0.165307 0.661724
vn 0.731297 0.165307 0.661724
vn 0.731297 0.165307 0.661724
vn 0.937733 0.171320 -0.302169
vn 0.937733 0.171320 -0.302169
vn 0.937733 0.171320 -0.302169
vn 0.937733 0.171320 -0.302169
vn 0.205883 0.204024 -0.957072
vn 0.205883 0.204024 -0.957072
vn 0.205883 0.204024 -0.957072
vn 0.205883 0.204024 -0.957072
vn 0.931790 0.204022 -0.300237
vn 0.931790 0.204022 -0.300237
vn 0.931790 0.204022 -0.300237
vn 0.931790 0.204022 -0.300237
vn 0.741507 0.000000 0.670946
vn 0.741507 0.000000 0.670946
vn 0.741507 0.000000 0.670946
vn 0.741507 0.000000 0.670946
vn -0.205878 -0.204018 0.957074
vn -0.205878 -0.204018 0.957074
vn -0.205878 -0.204018 0.957074
vn -0.205878 -0.204018 0.957074
vn -0.897141 -0.260264 0.356934
vn -0.897141 -0.260264 0.356934
vn -0.897141 -0.260264 0.356934
vn -0.897141 -0.260264 0.356934
vn -0.685607 -0.044139 -0.726632
vn -0.685607 -0.044139 -0.726632
vn -0.685607 -0.044139 -0.726632
vn -0.685608 -0.044139 -0.726632
vn 0.209696 -0.075826 -0.974822
vn 0.209696 -0.075826 -0.974822
vn 0.209696 -0.075826 -0.974822
vn 0.209696 -0.075826 -0.974822
vn 0.949071 -0.075825 -0.305801
vn 0.949071 -0.075825 -0.305801
vn 0.949071 -0.075825 -0.305801
vn 0.949071 -0.075825 -0.305801
vn 0.741507 0.000001 0.670946
vn 0.741507 0.000001 0.670946
vn 0.741507 0.000001 0.670946
vn 0.741507 0.000001 0.670946
vn -0.209696 0.075826 0.974822
vn -0.209696 0.075826 0.974822
vn -0.209696 0.075826 0.974822
vn -0.209696 0.075826 0.974822
vn -0.949070 0.075825 0.305806
vn -0.949070 0.075825 0.305806
vn -0.949070 0.075825 0.305806
vn -0.949070 0.075825 0.305806
vn -0.741503 -0.000002 -0.670949
vn -0.741503 -0.000002 -0.670949
vn -0.741503 -0.000002 -0.670949
vn -0.741503 -0.000002 -0.670949
vn 0.208158 0.142397 -0.967674
vn 0.208158 0.142397 -0.967674
vn 0.208158 0.142397 -0.967674
vn 0.208158 0.142397 -0.967674
vn 0.942112 0.142392 -0.303561
vn 0.942112 0.142392 -0.303561
vn 0.942112 0.142392 -0.303561
vn 0.942112 0.142392 -0.303561
vn 0.741507 -0.000002 0.670946
vn 0.741507 -0.000002 0.670946
vn 0.741507 -0.000002 0.670946
vn 0.741507 -0.000002 0.670946
vn -0.208164 -0.142406 0.967672
vn -0.208164 -0.142406 0.967672
vn -0.208164 -0.142406 0.967672
vn -0.208164 -0.142406 0.967672
vn -0.942110 -0.142398 0.303566
vn -0.942110 -0.142398 0.303566
vn -0.942110 -0.142398 0.303566
vn -0.942110 -0.142398 0.303566
vn -0.741505 0.000005 -0.670947
vn -0.741505 0.000005 -0.670947
vn -0.741505 0.000005 -0.670947
vn -0.741505 0.000005 -0.670947
vn 0.210278 0.014820 -0.977529
vn 0.210278 0.014820 -0.977529
vn 0.210278 0.014820 -0.977529
vn 0.210278 0.014820 -0.977529
vn 0.951705 0.014821 -0.306657
vn 0.951705 0.014821 -0.306657
vn 0.951705 0.014821 -0.306657
vn 0.951705 0.014821 -0.306657
vn 0.741509 -0.000000 0.670943
vn 0.741509 -0.000000 0.670943
vn 0.741509 -0.000000 0.670943
vn 0.741509 -0.000000 0.670943
vn -0.210290 -0.014820 0.977527
vn -0.210290 -0.014820 0.977527
vn -0.210290 -0.014820 0.977527
vn -0.210290 -0.014820 0.977527
vn -0.951704 -0.014820 0.306659
vn -0.951704 -0.014820 0.306659
vn -0.951704 -0.014820 0.306659
vn -0.951704 -0.014820 0.306659
vn -0.741507 -0.000000 -0.670946
vn -0.741507 -0.000000 -0.670946
vn -0.741507 -0.000000 -0.670946
vn -0.741507 -0.000000 -0.670946
vn 0.210175 0.036155 -0.976995
vn 0.210175 0.036155 -0.976995
vn 0.210175 0.036155 -0.976995
vn 0.210175 0.036155 -0.976995
vn 0.951186 0.036155 -0.306492
vn 0.951186 0.036155 -0.306492
vn 0.951186 0.036155 -0.306492
vn 0.951186 0.036155 -0.306492
vn 0.741507 0.000000 0.670946
vn 0.741507 0.000000 0.670946
vn 0.741507 0.000000 0.670946
vn 0.741507 0.000000 0.670946
vn -0.210164 -0.036155 0.976998
vn -0.210164 -0.036155 0.976997
vn -0.210164 -0.036155 0.976998
vn -0.210164 -0.036155 0.976997
vn -0.951187 -0.036155 0.306491
vn -0.951187 -0.036155 0.306491
vn -0.951187 -0.036155 0.306491
vn -0.951187 -0.036155 0.306491
vn -0.741509 -0.000000 -0.670942
vn -0.741509 -0.000000 -0.670942
vn -0.741509 -0.000000 -0.670942
vn -0.741509 -0.000000 -0.670942
vn 0.210078 -0.046644 -0.976571
vn 0.210078 -0.046644 -0.976571
vn 0.210078 -0.046644 -0.976571
vn 0.210078 -0.046644 -0.976571
vn 0.950773 -0.046644 -0.306359
vn 0.950773 -0.046644 -0.306359
vn 0.950773 -0.046644 -0.306359
vn 0.950773 -0.046644 -0.306359
vn 0.741509 -0.000000 0.670942
vn 0.741509 -0.000000 0.670942
vn 0.741509 -0.000000 0.670942
vn 0.741509 -0.000000 0.670942
vn -0.210078 0.046644 0.976571
vn -0.210078 0.046644 0.976571
vn -0.210078 0.046644 0.976571
vn -0.210078 0.046644 0.976571
vn -0.950773 0.046644 0.306359
vn -0.950773 0.046644 0.306359
vn -0.950773 0.046644 0.306359
vn -0.950773 0.046644 0.306359
vn -0.741509 0.000000 -0.670942
vn -0.741509 0.000000 -0.670942
vn -0.741509 0.000000 -0.670942
vn -0.741509 0.000000 -0.670942
vn -0.853026 0.172611 0.492496
vn -0.853026 0.172611 0.492496
vn -0.853026 0.172611 0.492496
vn -0.853026 0.172611 0.492496
vn 0.000002 0.265556 0.964096
vn 0.000002 0.265556 0.964096
vn 0.000002 0.265556 0.964096
vn 0.000002 0.265556 0.964096
vn 0.810711 0.351655 0.468068
vn 0.810711 0.351655 0.468068
vn 0.810711 0.351655 0.468068
vn 0.810711 0.351655 0.468068
vn 0.810712 0.351654 -0.468066
vn 0.810712 0.351654 -0.468066
vn 0.810712 0.351654 -0.468066
vn 0.810712 0.351654 -0.468066
vn 0.000000 0.265553 -0.964096
vn 0.000000 0.265553 -0.964096
vn 0.000000 0.265553 -0.964096
vn 0.000000 0.265553 -0.964096
vn -0.853028 0.172609 -0.492492
vn -0.853028 0.172609 -0.492492
vn -0.853028 0.172609 -0.492492
vn -0.853028 0.172609 -0.492492
vn -0.790702 -0.461849 0.401852
vn -0.790702 -0.461849 0.401852
vn -0.790702 -0.461849 0.401852
vn -0.790702 -0.461849 0.401852
vn -0.723303 -0.549948 -0.417600
vn -0.723303 -0.549948 -0.417600
vn -0.723303 -0.549948 -0.417600
vn -0.723303 -0.549948 -0.417600
vn -0.000004 -0.561809 -0.827267
vn -0.000004 -0.561809 -0.827267
vn -0.000004 -0.561809 -0.827267
vn -0.000004 -0.561809 -0.827267
vn 0.732074 -0.478148 -0.485224
vn 0.732074 -0.478148 -0.485224
vn 0.732074 -0.478148 -0.485224
vn 0.732074 -0.478148 -0.485224
vn 0.812718 -0.345424 0.469224
vn 0.812718 -0.345424 0.469224
vn 0.812718 -0.345424 0.469224
vn 0.812718 -0.345424 0.469224
vn 0.000002 -0.345422 0.938447
vn 0.000002 -0.345422 0.938447
vn 0.000002 -0.345422 0.938447
vn 0.000002 -0.345422 0.938447
vn 0.000000 1.000000 0.000000
vn 0.000000 1.000000 0.000000
vn 0.000000 1.000000 0.000000
vn 0.000000 1.000000 0.000000
vn 0.000000 1.000000 0.000000
vn 0.000000 1.000000 0.000000
vn 0.000000 1.000000 0.000000
vn 0.000000 1.000000 0.000000
vn 0.000000 1.000000 0.000000
vn 0.000000 1.000000 0.000000
vn 0.000000 1.000000 0.000000
vn 0.000000 1.000000 0.000000
vn 0.000000 1.000000 0.000000
vn 0.000000 1.000000 0.000000
vn 0.000000 1.000000 0.000000
vn 0.000000 1.000000 0.000000
vn 0.000000 1.000000 0.000000
vn 0.000000 1.000000 0.000000
vn 0.000000 1.000000 0.000000
vn 0.000000 1.000000 0.000000
vn 0.000000 1.000000 0.000000
vn 0.000000 1.000000 0.000000
vn 0.000000 1.000000 0.000000
vn 0.000000 1.000000 0.000000
vn -0.060418 -0.992808 0.103358
vn -0.060418 -0.992808 0.103358
vn -0.060418 -0.992808 0.103358
vn -0.060418 -0.992808 0.103358
vn 0.059005 -0.992879 0.103484
vn 0.059005 -0.992879 0.103484
vn 0.059005 -0.992879 0.103484
vn 0.059005 -0.992879 0.103484
vn 0.060110 -0.992881 0.102828
vn 0.060110 -0.992881 0.102828
vn 0.060110 -0.992881 0.102828
vn 0.060110 -0.992881 0.102828
vn 0.117225 -0.993105 -0.000632
vn 0.117225 -0.993105 -0.000632
vn 0.117225 -0.993105 -0.000632
vn 0.117225 -0.993105 -0.000632
vn -0.000000 -1.000000 0.000000
vn -0.000000 -1.000000 0.000000
vn -0.000000 -1.000000 0.000000
vn -0.000000 -1.000000 0.000000
vn -0.000000 -1.000000 0.000000
vn -0.000000 -1.000000 0.000000
vn -0.000000 -1.000000 0.000000
vn -0.000000 -1.000000 0.000000
vn 0.000000 1.000000 0.000000
vn 0.000000 1.000000 0.000000
vn 0.000000 1.000000 0.000000
vn 0.000000 1.000000 0.000000
vn 0.000000 1.000000 0.000000
vn 0.000000 1.000000 0.000000
vn 0.000000 1.000000 0.000000
vn 0.000000 1.000000 0.000000
vn 0.000000 1.000000 0.000000
vn 0.000000 1.000000 0.000000
vn 0.000000 1.000000 0.000000
vn 0.000000 1.000000 0.000000
vn -0.843561 0.226277 0.487035
vn -0.843561 0.226277 0.487035
vn -0.843561 0.226277 0.487035
vn -0.843561 0.226277 0.487035
vn -0.000008 0.165300 0.986243
vn -0.000008 0.165300 0.986243
vn -0.000008 0.165300 0.986243
vn -0.000008 0.165300 0.986243
vn 0.861472 0.102377 0.497379
vn 0.861472 0.102377 0.497379
vn 0.861472 0.102377 0.497379
vn 0.861472 0.102377 0.497379
vn 0.861474 0.102378 -0.497374
vn 0.861474 0.102378 -0.497374
vn 0.861474 0.102378 -0.497374
vn 0.861474 0.102378 -0.497374
vn 0.000000 0.165303 -0.986243
vn 0.000000 0.165303 -0.986243
vn 0.000000 0.165303 -0.986243
vn 0.000000 0.165303 -0.986243
vn -0.843566 0.226280 -0.487026
vn -0.843566 0.226280 -0.487026
vn -0.843566 0.226280 -0.487026
vn -0.843566 0.226280 -0.487026
vn -0.853224 0.171320 0.492603
vn -0.853224 0.171320 0.492603
vn -0.853224 0.171320 0.492603
vn -0.853224 0.171320 0.492603
vn -0.000020 0.165304 0.986243
vn -0.000020 0.165304 0.986243
vn -0.000020 0.165304 0.986243
vn -0.000020 0.165304 0.986243
vn 0.854969 0.159272 0.493619
vn 0.854969 0.159272 0.493619
vn 0.854969 0.159272 0.493619
vn 0.854969 0.159272 0.493619
vn 0.854974 0.159272 -0.493612
vn 0.854974 0.159272 -0.493612
vn 0.854974 0.159272 -0.493612
vn 0.854974 0.159272 -0.493612
vn 0.000000 0.165305 -0.986242
vn 0.000000 0.165305 -0.986242
vn 0.000000 0.165305 -0.986242
vn 0.000000 0.165305 -0.986242
vn -0.853225 0.171321 -0.492602
vn -0.853225 0.171321 -0.492602
vn -0.853225 0.171321 -0.492602
vn -0.853225 0.171321 -0.492602
vn -0.847803 0.204023 0.489494
vn -0.847803 0.204023 0.489494
vn -0.847804 0.204023 0.489494
vn -0.847803 0.204023 0.489494
vn -0.847809 0.204027 -0.489482
vn -0.847809 0.204027 -0.489482
vn -0.847809 0.204027 -0.489482
vn -0.847809 0.204027 -0.489482
vn 0.000000 0.000000 -1.000000
vn 0.000000 0.000000 -1.000000
vn 0.000000 0.000000 -1.000000
vn 0.000000 0.000000 -1.000000
vn 0.847812 -0.204027 -0.489477
vn 0.847812 -0.204027 -0.489477
vn 0.847812 -0.204027 -0.489477
vn 0.847812 -0.204027 -0.489477
vn 0.866603 -0.260270 0.425744
vn 0.866603 -0.260270 0.425744
vn 0.866603 -0.260270 0.425744
vn 0.866603 -0.260270 0.425744
vn -0.078799 -0.044130 0.995913
vn -0.078799 -0.044130 0.995913
vn -0.078799 -0.044130 0.995913
vn -0.078799 -0.044130 0.995913
vn -0.863531 -0.075825 0.498563
vn -0.863531 -0.075825 0.498563
vn -0.863531 -0.075825 0.498563
vn -0.863531 -0.075825 0.498563
vn -0.863536 -0.075831 -0.498554
vn -0.863536 -0.075831 -0.498554
vn -0.863536 -0.075831 -0.498554
vn -0.863536 -0.075831 -0.498554
vn 0.000000 0.000000 -1.000000
vn 0.000000 0.000000 -1.000000
vn 0.000000 0.000000 -1.000000
vn 0.000000 0.000000 -1.000000
vn 0.863535 0.075833 -0.498554
vn 0.863535 0.075833 -0.498554
vn 0.863535 0.075833 -0.498554
vn 0.863535 0.075833 -0.498554
vn 0.863534 0.075828 0.498557
vn 0.863534 0.075828 0.498557
vn 0.863534 0.075828 0.498557
vn 0.863534 0.075828 0.498557
vn 0.000000 0.000000 1.000000
vn 0.000000 0.000000 1.000000
vn 0.000000 0.000000 1.000000
vn 0.000000 0.000000 1.000000
vn -0.857201 0.142395 0.494904
vn -0.857201 0.142395 0.494904
vn -0.857201 0.142395 0.494904
vn -0.857201 0.142395 0.494904
vn -0.857202 0.142392 -0.494904
vn -0.857202 0.142392 -0.494904
vn -0.857202 0.142392 -0.494904
vn -0.857202 0.142392 -0.494904
vn -0.000006 -0.000006 -1.000000
vn -0.000006 -0.000006 -1.000000
vn -0.000006 -0.000006 -1.000000
vn -0.000006 -0.000006 -1.000000
vn 0.857202 -0.142398 -0.494901
vn 0.857202 -0.142398 -0.494901
vn 0.857202 -0.142398 -0.494901
vn 0.857202 -0.142398 -0.494901
vn 0.857202 -0.142402 0.494901
vn 0.857202 -0.142402 0.494901
vn 0.857202 -0.142402 0.494901
vn 0.857202 -0.142402 0.494901
vn 0.000006 -0.000008 1.000000
vn 0.000006 -0.000008 1.000000
vn 0.000006 -0.000008 1.000000
vn 0.000006 -0.000008 1.000000
vn -0.865932 0.014820 0.499941
vn -0.865933 0.014820 0.499941
vn -0.865933 0.014820 0.499941
vn -0.865933 0.014820 0.499941
vn -0.865927 0.014820 -0.499950
vn -0.865927 0.014820 -0.499950
vn -0.865927 0.014820 -0.499950
vn -0.865927 0.014820 -0.499950
vn -0.000012 0.000000 -1.000000
vn -0.000012 0.000000 -1.000000
vn -0.000012 0.000000 -1.000000
vn -0.000012 0.000000 -1.000000
vn 0.865931 -0.014820 -0.499944
vn 0.865931 -0.014820 -0.499944
vn 0.865931 -0.014820 -0.499944
vn 0.865931 -0.014820 -0.499944
vn 0.865932 -0.014820 0.499942
vn 0.865932 -0.014820 0.499942
vn 0.865932 -0.014820 0.499942
vn 0.865932 -0.014820 0.499942
vn 0.000006 0.000001 1.000000
vn 0.000006 0.000001 1.000000
vn 0.000006 0.000001 1.000000
vn 0.000006 0.000001 1.000000
vn -0.865459 0.036155 0.499674
vn -0.865459 0.036155 0.499674
vn -0.865459 0.036155 0.499674
vn -0.865459 0.036155 0.499674
vn -0.865462 0.036155 -0.499668
vn -0.865462 0.036155 -0.499668
vn -0.865462 0.036155 -0.499668
vn -0.865462 0.036155 -0.499668
vn 0.000006 -0.000001 -1.000000
vn 0.000006 -0.000001 -1.000000
vn 0.000006 -0.000001 -1.000000
vn 0.000006 -0.000001 -1.000000
vn 0.865458 -0.036156 -0.499674
vn 0.865459 -0.036156 -0.499674
vn 0.865458 -0.036156 -0.499674
vn 0.865459 -0.036156 -0.499674
vn 0.865459 -0.036155 0.499673
vn 0.865459 -0.036155 0.499673
vn 0.865460 -0.036155 0.499673
vn 0.865460 -0.036155 0.499673
vn 0.000000 0.000000 1.000000
vn 0.000000 0.000000 1.000000
vn 0.000000 0.000000 1.000000
vn 0.000000 0.000000 1.000000
vn -0.865683 -0.028251 0.499795
vn -0.865683 -0.028251 0.499795
vn -0.865683 -0.028251 0.499795
vn -0.865683 -0.028251 0.499795
vn -0.865680 -0.028251 -0.499800
vn -0.865680 -0.028251 -0.499800
vn -0.865680 -0.028251 -0.499800
vn -0.865680 -0.028251 -0.499800
vn -0.000006 0.000000 -1.000000
vn -0.000006 0.000000 -1.000000
vn -0.000006 0.000000 -1.000000
vn -0.000006 0.000000 -1.000000
vn 0.865679 0.028251 -0.499802
vn 0.865679 0.028251 -0.499802
vn 0.865679 0.028251 -0.499802
vn 0.865679 0.028251 -0.499802
vn 0.865682 0.028251 0.499797
vn 0.865682 0.028251 0.499797
vn 0.865682 0.028251 0.499797
vn 0.865682 0.028251 0.499797
vn 0.000000 0.000000 1.000000
vn 0.000000 0.000000 1.000000
vn 0.000000 0.000000 1.000000
vn 0.000000 0.000000 1.000000
vn -0.205666 0.172607 0.963280
vn -0.205666 0.172607 0.963280
vn -0.205666 0.172607 0.963280
vn -0.205666 0.172607 0.963280
vn 0.715876 0.265553 0.645757
vn 0.715876 0.265553 0.645757
vn 0.715876 0.265553 0.645757
vn 0.715876 0.265553 0.645757
vn 0.890575 0.351654 -0.288472
vn 0.890575 0.351654 -0.288472
vn 0.890575 0.351654 -0.288472
vn 0.890575 0.351654 -0.288472
vn 0.195460 0.351655 -0.915497
vn 0.195460 0.351655 -0.915497
vn 0.195460 0.351655 -0.915497
vn 0.195460 0.351655 -0.915497
vn -0.715876 0.265554 -0.645757
vn -0.715876 0.265554 -0.645757
vn -0.715876 0.265554 -0.645757
vn -0.715876 0.265554 -0.645757
vn -0.937057 0.172609 0.303528
vn -0.937057 0.172609 0.303528
vn -0.937058 0.172609 0.303528
vn -0.937058 0.172609 0.303528
vn -0.231225 -0.461858 0.856284
vn -0.231225 -0.461858 0.856284
vn -0.231225 -0.461858 0.856284
vn -0.231225 -0.461858 0.856284
vn -0.794556 -0.549947 0.257369
vn -0.794556 -0.549947 0.257369
vn -0.794556 -0.549947 0.257369
vn -0.794556 -0.549947 0.257369
vn -0.614276 -0.561811 -0.554106
vn -0.614276 -0.561811 -0.554106
vn -0.614276 -0.561811 -0.554106
vn -0.614276 -0.561811 -0.554106
vn 0.130044 -0.478152 -0.868596
vn 0.130044 -0.478152 -0.868596
vn 0.130044 -0.478152 -0.868596
vn 0.130044 -0.478152 -0.868596
vn 0.892778 -0.345426 -0.289186
vn 0.892778 -0.345426 -0.289186
vn 0.892778 -0.345426 -0.289186
vn 0.892778 -0.345426 -0.289186
vn 0.696833 -0.345423 0.628576
vn 0.696833 -0.345423 0.628576
vn 0.696833 -0.345423 0.628576
vn 0.696833 -0.345423 0.628576
vn 0.000000 1.000000 0.000000
vn 0.000000 1.000000 0.000000
vn 0.000000 1.000000 0.000000
vn 0.000000 1.000000 0.000000
vn 0.000000 1.000000 0.000000
vn 0.000000 1.000000 0.000000
vn 0.000000 1.000000 0.000000
vn 0.000000 1.000000 0.000000
vn 0.000000 1.000000 0.000000
vn 0.000000 1.000000 0.000000
vn 0.000000 1.000000 0.000000
vn 0.000000 1.000000 0.000000
vn 0.000000 1.000000 0.000000
vn 0.000000 1.000000 0.000000
vn 0.000000 1.000000 0.000000
vn 0.000000 1.000000 0.000000
vn 0.000000 1.000000 0.000000
vn 0.000000 1.000000 0.000000
vn 0.000000 1.000000 0.000000
vn 0.000000 1.000000 0.000000
vn 0.000000 1.000000 0.000000
vn 0.000000 1.000000 0.000000
vn 0.000000 1.000000 0.000000
vn 0.000000 1.000000 0.000000
vn 0.036278 -0.992808 0.114093
vn 0.036278 -0.992808 0.114093
vn 0.036278 -0.992808 0.114093
vn 0.036278 -0.992808 0.114093
vn 0.116363 -0.992879 0.025501
vn 0.116363 -0.992879 0.025501
vn 0.116363 -0.992879 0.025501
vn 0.116363 -0.992879 0.025501
vn 0.116616 -0.992881 0.024241
vn 0.116616 -0.992881 0.024241
vn 0.116616 -0.992881 0.024241
vn 0.116616 -0.992881 0.024241
vn 0.078048 -0.993105 -0.087468
vn 0.078048 -0.993105 -0.087468
vn 0.078048 -0.993105 -0.087468
vn 0.078048 -0.993105 -0.087468
vn -0.000000 -1.000000 0.000000
vn -0.000000 -1.000000 0.000000
vn -0.000000 -1.000000 0.000000
vn -0.000000 -1.000000 0.000000
vn -0.000000 -1.000000 0.000000
vn -0.000000 -1.000000 0.000000
vn -0.000000 -1.000000 0.000000
vn -0.000000 -1.000000 0.000000
vn 0.000000 1.000000 0.000000
vn 0.000000 1.000000 0.000000
vn 0.000000 1.000000 0.000000
vn 0.000000 1.000000 0.000000
vn 0.000000 1.000000 0.000000
vn 0.000000 1.000000 0.000000
vn 0.000000 1.000000 0.000000
vn 0.000000 1.000000 0.000000
vn 0.000000 1.000000 0.000000
vn 0.000000 1.000000 0.000000
vn 0.000000 1.000000 0.000000
vn 0.000000 1.000000 0.000000
vn -0.203386 0.226278 0.952592
vn -0.203386 0.226278 0.952592
vn -0.203386 0.226278 0.952592
vn -0.203386 0.226278 0.952592
vn 0.732324 0.165306 0.660587
vn 0.732324 0.165306 0.660587
vn 0.732324 0.165306 0.660587
vn 0.732324 0.165306 0.660587
vn 0.946337 0.102378 -0.306539
vn 0.946337 0.102378 -0.306539
vn 0.946336 0.102378 -0.306539
vn 0.946337 0.102378 -0.306539
vn 0.207690 0.102379 -0.972822
vn 0.207690 0.102379 -0.972822
vn 0.207690 0.102379 -0.972822
vn 0.207690 0.102379 -0.972822
vn -0.732319 0.165306 -0.660593
vn -0.732319 0.165306 -0.660593
vn -0.732319 0.165306 -0.660593
vn -0.732319 0.165306 -0.660593
vn -0.926662 0.226279 0.300158
vn -0.926662 0.226279 0.300158
vn -0.926662 0.226279 0.300158
vn -0.926662 0.226279 0.300158
vn -0.205719 0.171324 0.963498
vn -0.205719 0.171324 0.963498
vn -0.205719 0.171324 0.963498
vn -0.205719 0.171324 0.963498
vn 0.732324 0.165306 0.660587
vn 0.732324 0.165306 0.660587
vn 0.732324 0.165306 0.660587
vn 0.732324 0.165306 0.660587
vn 0.939192 0.159270 -0.304224
vn 0.939192 0.159270 -0.304224
vn 0.939192 0.159270 -0.304224
vn 0.939192 0.159270 -0.304224
vn 0.206121 0.159268 -0.965478
vn 0.206121 0.159268 -0.965478
vn 0.206121 0.159268 -0.965478
vn 0.206121 0.159268 -0.965478
vn -0.732316 0.165304 -0.660597
vn -0.732316 0.165304 -0.660597
vn -0.732315 0.165303 -0.660597
vn -0.732316 0.165304 -0.660597
vn -0.937268 0.171322 0.303606
vn -0.937268 0.171322 0.303606
vn -0.937269 0.171322 0.303606
vn -0.937268 0.171322 0.303606
vn -0.204409 0.204025 0.957388
vn -0.204409 0.204025 0.957388
vn -0.204409 0.204025 0.957388
vn -0.204409 0.204024 0.957388
vn -0.931325 0.204026 0.301674
vn -0.931325 0.204026 0.301674
vn -0.931325 0.204026 0.301674
vn -0.931325 0.204026 0.301674
vn -0.742543 0.000004 -0.669798
vn -0.742543 0.000004 -0.669798
vn -0.742543 0.000004 -0.669798
vn -0.742543 0.000004 -0.669798
vn 0.204409 -0.204024 -0.957388
vn 0.204409 -0.204024 -0.957388
vn 0.204409 -0.204024 -0.957388
vn 0.204409 -0.204024 -0.957388
vn 0.896586 -0.260273 -0.358318
vn 0.896586 -0.260273 -0.358318
vn 0.896586 -0.260273 -0.358318
vn 0.896586 -0.260273 -0.358318
vn 0.686725 -0.044138 0.725576
vn 0.686725 -0.044138 0.725576
vn 0.686725 -0.044138 0.725576
vn 0.686725 -0.044138 0.725576
vn -0.208193 -0.075829 0.975144
vn -0.208193 -0.075829 0.975144
vn -0.208193 -0.075829 0.975144
vn -0.208193 -0.075829 0.975144
vn -0.948599 -0.075830 0.307263
vn -0.948599 -0.075830 0.307263
vn -0.948599 -0.075830 0.307263
vn -0.948599 -0.075830 0.307263
vn -0.742541 -0.000004 -0.669801
vn -0.742541 -0.000004 -0.669801
vn -0.742541 -0.000004 -0.669801
vn -0.742541 -0.000004 -0.669801
vn 0.208207 0.075819 -0.975142
vn 0.208207 0.075819 -0.975142
vn 0.208207 0.075819 -0.975142
vn 0.208207 0.075819 -0.975142
vn 0.948596 0.075824 -0.307273
vn 0.948596 0.075824 -0.307273
vn 0.948596 0.075824 -0.307273
vn 0.948596 0.075824 -0.307273
vn 0.742537 -0.000003 0.669805
vn 0.742537 -0.000003 0.669805
vn 0.742537 -0.000003 0.669805
vn 0.742537 -0.000003 0.669805
vn -0.206673 0.142397 0.967993
vn -0.206673 0.142397 0.967992
vn -0.206673 0.142397 0.967992
vn -0.206673 0.142397 0.967993
vn -0.941641 0.142400 0.305014
vn -0.941641 0.142400 0.305014
vn -0.941641 0.142400 0.305014
vn -0.941641 0.142400 0.305014
vn -0.742540 0.000003 -0.669802
vn -0.742540 0.000003 -0.669801
vn -0.742540 0.000003 -0.669802
vn -0.742540 0.000003 -0.669801
vn 0.206674 -0.142383 -0.967994
vn 0.206674 -0.142383 -0.967994
vn 0.206674 -0.142383 -0.967994
vn 0.206674 -0.142383 -0.967994
vn 0.941642 -0.142390 -0.305017
vn 0.941642 -0.142390 -0.305017
vn 0.941642 -0.142390 -0.305017
vn 0.941642 -0.142390 -0.305017
vn 0.742537 0.000008 0.669805
vn 0.742537 0.000008 0.669805
vn 0.742537 0.000008 0.669805
vn 0.742537 0.000008 0.669805
vn -0.208780 0.014820 0.977850
vn -0.208780 0.014820 0.977850
vn -0.208780 0.014820 0.977850
vn -0.208780 0.014820 0.977850
vn -0.951232 0.014820 0.308121
vn -0.951232 0.014820 0.308121
vn -0.951232 0.014820 0.308121
vn -0.951232 0.014820 0.308121
vn -0.742542 0.000000 -0.669800
vn -0.742542 0.000000 -0.669800
vn -0.742542 0.000000 -0.669800
vn -0.742542 0.000000 -0.669800
vn 0.208771 -0.014820 -0.977852
vn 0.208771 -0.014820 -0.977852
vn 0.208771 -0.014820 -0.977852
vn 0.208771 -0.014820 -0.977852
vn 0.951232 -0.014820 -0.308121
vn 0.951232 -0.014820 -0.308121
vn 0.951232 -0.014820 -0.308121
vn 0.951232 -0.014820 -0.308121
vn 0.742539 -0.000000 0.669803
vn 0.742539 -0.000000 0.669803
vn 0.742539 -0.000000 0.669803
vn 0.742539 -0.000000 0.669803
vn -0.208659 0.036155 0.977320
vn -0.208659 0.036155 0.977320
vn -0.208659 0.036155 0.977320
vn -0.208659 0.036155 0.977320
vn -0.950714 0.036155 0.307954
vn -0.950714 0.036155 0.307954
vn -0.950714 0.036155 0.307954
vn -0.950714 0.036155 0.307954
vn -0.742537 -0.000000 -0.669805
vn -0.742537 -0.000000 -0.669805
vn -0.742537 -0.000000 -0.669805
vn -0.742537 -0.000000 -0.669805
vn 0.208665 -0.036155 -0.977319
vn 0.208665 -0.036155 -0.977319
vn 0.208665 -0.036155 -0.977319
vn 0.208665 -0.036155 -0.977319
vn 0.950715 -0.036155 -0.307952
vn 0.950715 -0.036155 -0.307952
vn 0.950715 -0.036155 -0.307952
vn 0.950715 -0.036155 -0.307952
vn 0.742536 0.000000 0.669806
vn 0.742536 0.000000 0.669806
vn 0.742536 0.000000 0.669806
vn 0.742536 0.000000 0.669806
vn -0.208714 -0.028251 0.977569
vn -0.208714 -0.028251 0.977569
vn -0.208714 -0.028251 0.977569
vn -0.208714 -0.028251 0.977569
vn -0.950957 -0.028251 0.308029
vn -0.950957 -0.028251 0.308029
vn -0.950957 -0.028251 0.308029
vn -0.950957 -0.028251 0.308029
vn -0.742540 -0.000000 -0.669802
vn -0.742540 -0.000000 -0.669802
vn -0.742540 -0.000000 -0.669802
vn -0.742540 -0.000000 -0.669802
vn 0.208717 0.028251 -0.977568
vn 0.208717 0.028251 -0.977568
vn 0.208717 0.028251 -0.977568
vn 0.208717 0.028251 -0.977568
vn 0.950955 0.028250 -0.308035
vn 0.950955 0.028250 -0.308035
vn 0.950955 0.028250 -0.308035
vn 0.950955 0.028250 -0.308035
vn 0.742539 0.000000 0.669803
vn 0.742539 0.000000 0.669803
vn 0.742539 0.000000 0.669803
vn 0.742539 0.000000 0.669803
vn 0.207146 0.172608 -0.962962
vn 0.207146 0.172608 -0.962962
vn 0.207146 0.172608 -0.962963
vn 0.207146 0.172608 -0.962962
vn -0.714884 0.265553 -0.646856
vn -0.714884 0.265553 -0.646856
vn -0.714884 0.265553 -0.646856
vn -0.714884 0.265553 -0.646856
vn -0.891016 0.351654 0.287105
vn -0.891016 0.351654 0.287105
vn -0.891016 0.351654 0.287105
vn -0.891016 0.351654 0.287105
vn -0.196873 0.351654 0.915194
vn -0.196873 0.351654 0.915194
vn -0.196873 0.351654 0.915194
vn -0.196873 0.351654 0.915194
vn 0.714881 0.265554 0.646859
vn 0.714881 0.265554 0.646859
vn 0.714881 0.265554 0.646859
vn 0.714881 0.265554 0.646859
vn 0.937523 0.172609 -0.302086
vn 0.937523 0.172609 -0.302086
vn 0.937523 0.172609 -0.302086
vn 0.937523 0.172609 -0.302086
vn 0.232545 -0.461851 -0.855930
vn 0.232544 -0.461851 -0.855930
vn 0.232545 -0.461851 -0.855930
vn 0.232545 -0.461851 -0.855930
vn 0.794952 -0.549946 -0.256148
vn 0.794952 -0.549946 -0.256148
vn 0.794952 -0.549946 -0.256148
vn 0.794952 -0.549946 -0.256148
vn 0.613424 -0.561810 0.555049
vn 0.613424 -0.561810 0.555049
vn 0.613424 -0.561810 0.555049
vn 0.613424 -0.561810 0.555049
vn -0.131384 -0.478149 0.868396
vn -0.131384 -0.478149 0.868396
vn -0.131384 -0.478149 0.868396
vn -0.131384 -0.478149 0.868396
vn -0.893221 -0.345427 0.287813
vn -0.893221 -0.345427 0.287813
vn -0.893221 -0.345427 0.287813
vn -0.893221 -0.345427 0.287813
vn -0.695866 -0.345418 -0.629648
vn -0.695866 -0.345418 -0.629648
vn -0.695866 -0.345418 -0.629648
vn -0.695866 -0.345418 -0.629648
vn 0.000000 1.000000 0.000000
vn 0.000000 1.000000 0.000000
vn 0.000000 1.000000 0.000000
vn 0.000000 1.000000 0.000000
vn 0.000000 1.000000 0.000000
vn 0.000000 1.000000 0.000000
vn 0.000000 1.000000 0.000000
vn 0.000000 1.000000 0.000000
vn 0.000000 1.000000 0.000000
vn 0.000000 1.000000 0.000000
vn 0.000000 1.000000 0.000000
vn 0.000000 1.000000 0.000000
vn 0.000000 1.000000 0.000000
vn 0.000000 1.000000 0.000000
vn 0.000000 1.000000 0.000000
vn 0.000000 1.000000 0.000000
vn 0.000000 1.000000 0.000000
vn 0.000000 1.000000 0.000000
vn 0.000000 1.000000 0.000000
vn 0.000000 1.000000 0.000000
vn 0.000000 1.000000 0.000000
vn 0.000000 1.000000 0.000000
vn 0.000000 1.000000 0.000000
vn 0.000000 1.000000 0.000000
vn -0.036103 -0.992808 -0.114147
vn -0.036103 -0.992808 -0.114147
vn -0.036103 -0.992808 -0.114147
vn -0.036103 -0.992808 -0.114147
vn -0.116323 -0.992879 -0.025680
vn -0.116323 -0.992879 -0.025680
vn -0.116323 -0.992879 -0.025680
vn -0.116323 -0.992879 -0.025680
vn -0.116578 -0.992881 -0.024421
vn -0.116578 -0.992881 -0.024421
vn -0.116578 -0.992881 -0.024421
vn -0.116578 -0.992881 -0.024421
vn -0.078183 -0.993105 0.087346
vn -0.078183 -0.993105 0.087346
vn -0.078183 -0.993105 0.087346
vn -0.078183 -0.993105 0.087346
vn -0.000000 -1.000000 0.000000
vn -0.000000 -1.000000 0.000000
vn -0.000000 -1.000000 0.000000
vn -0.000000 -1.000000 0.000000
vn -0.000000 -1.000000 0.000000
vn -0.000000 -1.000000 0.000000
vn -0.000000 -1.000000 0.000000
vn -0.000000 -1.000000 0.000000
vn 0.000000 1.000000 0.000000
vn 0.000000 1.000000 0.000000
vn 0.000000 1.000000 0.000000
vn 0.000000 1.000000 0.000000
vn 0.000000 1.000000 0.000000
vn 0.000000 1.000000 0.000000
vn 0.000000 1.000000 0.000000
vn 0.000000 1.000000 0.000000
vn 0.000000 1.000000 0.000000
vn 0.000000 1.000000 0.000000
vn 0.000000 1.000000 0.000000
vn 0.000000 1.000000 0.000000
vn 0.204848 0.226279 -0.952279
vn 0.204848 0.226279 -0.952279
vn 0.204848 0.226279 -0.952279
vn 0.204848 0.226279 -0.952279
vn -0.731307 0.165304 -0.661713
vn -0.731307 0.165304 -0.661713
vn -0.731307 0.165304 -0.661713
vn -0.731307 0.165304 -0.661713
vn -0.946805 0.102381 0.305087
vn -0.946805 0.102381 0.305087
vn -0.946805 0.102381 0.305087
vn -0.946805 0.102381 0.305087
vn -0.209207 0.102380 0.972497
vn -0.209207 0.102380 0.972497
vn -0.209207 0.102380 0.972497
vn -0.209207 0.102380 0.972497
vn 0.731303 0.165309 0.661717
vn 0.731303 0.165309 0.661717
vn 0.731303 0.165309 0.661717
vn 0.731303 0.165309 0.661717
vn 0.927124 0.226279 -0.298729
vn 0.927124 0.226279 -0.298729
vn 0.927124 0.226279 -0.298729
vn 0.927124 0.226279 -0.298729
vn 0.207210 0.171321 -0.963179
vn 0.207210 0.171321 -0.963179
vn 0.207210 0.171321 -0.963179
vn 0.207210 0.171321 -0.963179
vn -0.731302 0.165305 -0.661719
vn -0.731302 0.165305 -0.661719
vn -0.731302 0.165305 -0.661719
vn -0.731302 0.165305 -0.661719
vn -0.939660 0.159269 0.302774
vn -0.939660 0.159269 0.302774
vn -0.939660 0.159269 0.302774
vn -0.939660 0.159269 0.302774
vn -0.207616 0.159267 0.965158
vn -0.207616 0.159267 0.965158
vn -0.207616 0.159267 0.965158
vn -0.207616 0.159267 0.965158
vn 0.731302 0.165303 0.661719
vn 0.731302 0.165303 0.661719
vn 0.731302 0.165303 0.661719
vn 0.731302 0.165303 0.661719
vn 0.937736 0.171321 -0.302160
vn 0.937736 0.171321 -0.302160
vn 0.937736 0.171321 -0.302160
vn 0.937736 0.171320 -0.302160
vn 0.205883 0.204023 -0.957072
vn 0.205883 0.204023 -0.957072
vn 0.205883 0.204023 -0.957072
vn 0.205883 0.204023 -0.957072
vn 0.931789 0.204019 -0.300242
vn 0.931789 0.204019 -0.300242
vn 0.931789 0.204019 -0.300242
vn 0.931789 0.204019 -0.300242
vn 0.741505 -0.000000 0.670947
vn 0.741505 -0.000000 0.670947
vn 0.741505 -0.000000 0.670947
vn 0.741505 -0.000000 0.670947
vn -0.205878 -0.204018 0.957074
vn -0.205878 -0.204018 0.957074
vn -0.205878 -0.204018 0.957074
vn -0.205878 -0.204018 0.957074
vn -0.897137 -0.260267 0.356940
vn -0.897137 -0.260267 0.356940
vn -0.897137 -0.260267 0.356940
vn -0.897137 -0.260267 0.356941
vn -0.685610 -0.044138 -0.726630
vn -0.685610 -0.044138 -0.726630
vn -0.685610 -0.044138 -0.726630
vn -0.685610 -0.044138 -0.726630
vn 0.209701 -0.075831 -0.974820
vn 0.209701 -0.075831 -0.974820
vn 0.209701 -0.075831 -0.974820
vn 0.209701 -0.075831 -0.974820
vn 0.949068 -0.075825 -0.305810
vn 0.949068 -0.075825 -0.305810
vn 0.949068 -0.075825 -0.305810
vn 0.949068 -0.075825 -0.305810
vn 0.741505 0.000001 0.670947
vn 0.741505 0.000001 0.670947
vn 0.741505 0.000001 0.670947
vn 0.741505 0.000001 0.670947
vn -0.209696 0.075826 0.974822
vn -0.209696 0.075826 0.974822
vn -0.209696 0.075826 0.974822
vn -0.209696 0.075826 0.974822
vn -0.949068 0.075825 0.305810
vn -0.949068 0.075825 0.305810
vn -0.949068 0.075825 0.305810
vn -0.949068 0.075825 0.305810
vn -0.741509 -0.000004 -0.670943
vn -0.741509 -0.000004 -0.670943
vn -0.741509 -0.000004 -0.670943
vn -0.741509 -0.000004 -0.670942
vn 0.208158 0.142412 -0.967672
vn 0.208158 0.142412 -0.967672
vn 0.208158 0.142412 -0.967672
vn 0.208158 0.142412 -0.967672
vn 0.942110 0.142398 -0.303566
vn 0.942110 0.142398 -0.303566
vn 0.942110 0.142398 -0.303566
vn 0.942110 0.142398 -0.303566
vn 0.741505 -0.000003 0.670947
vn 0.741505 -0.000003 0.670947
vn 0.741505 -0.000003 0.670947
vn 0.741505 -0.000003 0.670947
vn -0.208159 -0.142398 0.967674
vn -0.208159 -0.142398 0.967674
vn -0.208159 -0.142398 0.967674
vn -0.208159 -0.142398 0.967674
vn -0.942109 -0.142396 0.303568
vn -0.942109 -0.142396 0.303567
vn -0.942109 -0.142396 0.303568
vn -0.942109 -0.142396 0.303567
vn -0.741509 0.000007 -0.670942
vn -0.741509 0.000007 -0.670942
vn -0.741509 0.000007 -0.670942
vn -0.741509 0.000007 -0.670942
vn 0.210278 0.014819 -0.977529
vn 0.210278 0.014819 -0.977529
vn 0.210278 0.014819 -0.977529
vn 0.210278 0.014819 -0.977529
vn 0.951705 0.014819 -0.306657
vn 0.951705 0.014819 -0.306657
vn 0.951705 0.014819 -0.306657
vn 0.951705 0.014819 -0.306657
vn 0.741505 -0.000000 0.670947
vn 0.741505 -0.000000 0.670947
vn 0.741505 -0.000000 0.670947
vn 0.741505 -0.000000 0.670947
vn -0.210279 -0.014820 0.977529
vn -0.210279 -0.014820 0.977529
vn -0.210279 -0.014820 0.977529
vn -0.210279 -0.014820 0.977529
vn -0.951704 -0.014820 0.306659
vn -0.951704 -0.014820 0.306659
vn -0.951704 -0.014820 0.306659
vn -0.951704 -0.014820 0.306659
vn -0.741509 -0.000000 -0.670943
vn -0.741509 -0.000000 -0.670942
vn -0.741509 -0.000000 -0.670943
vn -0.741509 -0.000000 -0.670943
vn 0.210164 0.036155 -0.976997
vn 0.210164 0.036155 -0.976998
vn 0.210164 0.036155 -0.976997
vn 0.210164 0.036155 -0.976998
vn 0.951187 0.036155 -0.306491
vn 0.951187 0.036155 -0.306491
vn 0.951187 0.036155 -0.306491
vn 0.951187 0.036155 -0.306491
vn 0.741506 0.000000 0.670946
vn 0.741506 0.000000 0.670946
vn 0.741506 0.000000 0.670946
vn 0.741506 0.000000 0.670946
vn -0.210164 -0.036155 0.976997
vn -0.210164 -0.036155 0.976997
vn -0.210164 -0.036155 0.976997
vn -0.210164 -0.036155 0.976997
vn -0.951187 -0.036155 0.306491
vn -0.951187 -0.036155 0.306491
vn -0.951187 -0.036155 0.306491
vn -0.951187 -0.036155 0.306491
vn -0.741507 -0.000000 -0.670946
vn -0.741507 -0.000000 -0.670946
vn -0.741507 -0.000000 -0.670946
vn -0.741507 -0.000000 -0.670946
vn 0.210072 -0.046643 -0.976573
vn 0.210072 -0.046643 -0.976573
vn 0.210072 -0.046643 -0.976573
vn 0.210072 -0.046643 -0.976573
vn 0.950773 -0.046643 -0.306358
vn 0.950773 -0.046643 -0.306358
vn 0.950773 -0.046643 -0.306358
vn 0.950773 -0.046643 -0.306358
vn 0.741506 0.000000 0.670946
vn 0.741506 0.000000 0.670946
vn 0.741506 0.000000 0.670946
vn 0.741506 0.000000 0.670946
vn -0.210073 0.046643 0.976573
vn -0.210073 0.046643 0.976572
vn -0.210073 0.046643 0.976573
vn -0.210073 0.046643 0.976572
vn -0.950773 0.046643 0.306359
vn -0.950773 0.046643 0.306359
vn -0.950773 0.046643 0.306359
vn -0.950773 0.046643 0.306359
vn -0.741507 -0.000000 -0.670946
vn -0.741507 -0.000000 -0.670946
vn -0.741507 -0.000000 -0.670946
vn -0.741507 -0.000000 -0.670946
vn -0.853027 0.172610 0.492495
vn -0.853027 0.172610 0.492495
vn -0.853027 0.172610 0.492495
vn -0.853027 0.172610 0.492495
vn 0.000000 0.265553 0.964096
vn 0.000000 0.265553 0.964096
vn 0.000000 0.265553 0.964096
vn 0.000000 0.265553 0.964096
vn 0.810712 0.351654 0.468066
vn 0.810712 0.351654 0.468066
vn 0.810712 0.351654 0.468066
vn 0.810712 0.351654 0.468066
vn 0.810712 0.351654 -0.468066
vn 0.810712 0.351654 -0.468066
vn 0.810712 0.351654 -0.468066
vn 0.810712 0.351654 -0.468066
vn 0.000000 0.265556 -0.964095
vn 0.000000 0.265556 -0.964095
vn 0.000000 0.265556 -0.964095
vn 0.000000 0.265556 -0.964095
vn -0.853027 0.172610 -0.492494
vn -0.853027 0.172610 -0.492494
vn -0.853027 0.172610 -0.492494
vn -0.853027 0.172610 -0.492494
vn -0.790699 -0.461857 0.401849
vn -0.790699 -0.461857 0.401849
vn -0.790699 -0.461857 0.401849
vn -0.790699 -0.461857 0.401849
vn -0.723302 -0.549951 -0.417598
vn -0.723302 -0.549951 -0.417598
vn -0.723302 -0.549951 -0.417598
vn -0.723302 -0.549951 -0.417598
vn -0.000000 -0.561808 -0.827267
vn -0.000000 -0.561808 -0.827267
vn -0.000000 -0.561808 -0.827267
vn -0.000000 -0.561808 -0.827267
vn 0.732071 -0.478148 -0.485228
vn 0.732071 -0.478148 -0.485228
vn 0.732071 -0.478148 -0.485228
vn 0.732071 -0.478148 -0.485228
vn 0.812720 -0.345421 0.469224
vn 0.812720 -0.345421 0.469224
vn 0.812720 -0.345421 0.469224
vn 0.812720 -0.345421 0.469224
vn -0.000001 -0.345431 0.938444
vn -0.000001 -0.345431 0.938444
vn -0.000001 -0.345431 0.938444
vn -0.000001 -0.345431 0.938444
vn 0.000000 1.000000 0.000000
vn 0.000000 1.000000 0.000000
vn 0.000000 1.000000 0.000000
vn 0.000000 1.000000 0.000000
vn 0.000000 1.000000 0.000000
vn 0.000000 1.000000 0.000000
vn 0.000000 1.000000 0.000000
vn 0.000000 1.000000 0.000000
vn 0.000000 1.000000 0.000000
vn 0.000000 1.000000 0.000000
vn 0.000000 1.000000 0.000000
vn 0.000000 1.000000 0.000000
vn 0.000000 1.000000 0.000000
vn 0.000000 1.000000 0.000000
vn 0.000000 1.000000 0.000000
vn 0.000000 1.000000 0.000000
vn 0.000000 1.000000 0.000000
vn 0.000000 1.000000 0.000000
vn 0.000000 1.000000 0.000000
vn 0.000000 1.000000 0.000000
vn 0.000000 1.000000 0.000000
vn 0.000000 1.000000 0.000000
vn 0.000000 1.000000 0.000000
vn 0.000000 1.000000 0.000000
vn -0.060419 -0.992808 0.103358
vn -0.060419 -0.992808 0.103358
vn -0.060419 -0.992808 0.103358
vn -0.060419 -0.992808 0.103358
vn 0.059005 -0.992879 0.103485
vn 0.059005 -0.992879 0.103485
vn 0.059005 -0.992879 0.103485
vn 0.059005 -0.992879 0.103485
vn 0.060110 -0.992881 0.102828
vn 0.060110 -0.992881 0.102828
vn 0.060110 -0.992881 0.102828
vn 0.060110 -0.992881 0.102828
vn 0.117224 -0.993105 -0.000632
vn 0.117224 -0.993105 -0.000632
vn 0.117224 -0.993105 -0.000632
vn 0.117224 -0.993105 -0.000632
vn -0.000000 -1.000000 0.000000
vn -0.000000 -1.000000 0.000000
vn -0.000000 -1.000000 0.000000
vn -0.000000 -1.000000 0.000000
vn -0.000000 -1.000000 0.000000
vn -0.000000 -1.000000 0.000000
vn -0.000000 -1.000000 0.000000
vn -0.000000 -1.000000 0.000000
vn 0.000000 1.000000 0.000000
vn 0.000000 1.000000 0.000000
vn 0.000000 1.000000 0.000000
vn 0.000000 1.000000 0.000000
vn 0.000000 1.000000 0.000000
vn 0.000000 1.000000 0.000000
vn 0.000000 1.000000 0.000000
vn 0.000000 1.000000 0.000000
vn 0.000000 1.000000 0.000000
vn 0.000000 1.000000 0.000000
vn 0.000000 1.000000 0.000000
vn 0.000000 1.000000 0.000000
vn -0.843567 0.226275 0.487027
vn -0.843567 0.226275 0.487027
vn -0.843567 0.226275 0.487027
vn -0.843567 0.226275 0.487027
vn 0.000000 0.165303 0.986243
vn 0.000000 0.165303 0.986243
vn 0.000000 0.165303 0.986243
vn 0.000000 0.165303 0.986243
vn 0.861478 0.102379 0.497368
vn 0.861478 0.102379 0.497368
vn 0.861478 0.102379 0.497368
vn 0.861478 0.102379 0.497368
vn 0.861472 0.102378 -0.497378
vn 0.861472 0.102378 -0.497378
vn 0.861472 0.102378 -0.497378
vn 0.861472 0.102378 -0.497378
vn 0.000000 0.165303 -0.986243
vn 0.000000 0.165303 -0.986243
vn 0.000000 0.165303 -0.986243
vn 0.000000 0.165303 -0.986243
vn -0.843563 0.226277 -0.487032
vn -0.843563 0.226277 -0.487032
vn -0.843563 0.226277 -0.487032
vn -0.843563 0.226277 -0.487032
vn -0.853236 0.171322 0.492583
vn -0.853236 0.171322 0.492583
vn -0.853236 0.171322 0.492583
vn -0.853236 0.171322 0.492583
vn 0.000000 0.165305 0.986242
vn 0.000000 0.165305 0.986242
vn 0.000000 0.165305 0.986242
vn 0.000000 0.165305 0.986242
vn 0.854976 0.159271 0.493608
vn 0.854976 0.159271 0.493608
vn 0.854976 0.159271 0.493608
vn 0.854976 0.159271 0.493608
vn 0.854971 0.159270 -0.493617
vn 0.854971 0.159270 -0.493617
vn 0.854971 0.159270 -0.493617
vn 0.854971 0.159270 -0.493617
vn -0.000020 0.165304 -0.986243
vn -0.000020 0.165304 -0.986243
vn -0.000020 0.165304 -0.986243
vn -0.000020 0.165304 -0.986243
vn -0.853219 0.171322 -0.492612
vn -0.853219 0.171322 -0.492612
vn -0.853219 0.171322 -0.492612
vn -0.853219 0.171322 -0.492612
vn -0.847807 0.204024 0.489487
vn -0.847807 0.204024 0.489488
vn -0.847807 0.204024 0.489487
vn -0.847807 0.204024 0.489487
vn -0.847810 0.204021 -0.489483
vn -0.847810 0.204021 -0.489483
vn -0.847810 0.204021 -0.489483
vn -0.847810 0.204021 -0.489483
vn 0.000000 0.000000 -1.000000
vn 0.000000 0.000000 -1.000000
vn 0.000000 0.000000 -1.000000
vn 0.000000 0.000000 -1.000000
vn 0.847809 -0.204024 -0.489484
vn 0.847809 -0.204024 -0.489484
vn 0.847809 -0.204024 -0.489484
vn 0.847809 -0.204024 -0.489484
vn 0.866602 -0.260270 0.425748
vn 0.866601 -0.260270 0.425748
vn 0.866602 -0.260270 0.425748
vn 0.866601 -0.260270 0.425748
vn -0.078798 -0.044139 0.995913
vn -0.078798 -0.044139 0.995913
vn -0.078798 -0.044139 0.995913
vn -0.078798 -0.044139 0.995913
vn -0.863533 -0.075828 0.498559
vn -0.863533 -0.075828 0.498559
vn -0.863533 -0.075828 0.498559
vn -0.863533 -0.075828 0.498559
vn -0.863532 -0.075829 -0.498560
vn -0.863532 -0.075829 -0.498560
vn -0.863532 -0.075829 -0.498560
vn -0.863532 -0.075829 -0.498560
vn 0.000000 0.000000 -1.000000
vn 0.000000 0.000000 -1.000000
vn 0.000000 0.000000 -1.000000
vn 0.000000 0.000000 -1.000000
vn 0.863532 0.075827 -0.498560
vn 0.863532 0.075827 -0.498561
vn 0.863532 0.075827 -0.498560
vn 0.863532 0.075827 -0.498560
vn 0.863534 0.075828 0.498558
vn 0.863534 0.075828 0.498558
vn 0.863534 0.075828 0.498558
vn 0.863534 0.075828 0.498558
vn -0.000006 0.000005 1.000000
vn -0.000006 0.000005 1.000000
vn -0.000006 0.000005 1.000000
vn -0.000006 0.000005 1.000000
vn -0.857200 0.142395 0.494906
vn -0.857200 0.142395 0.494906
vn -0.857200 0.142395 0.494906
vn -0.857200 0.142395 0.494906
vn -0.857199 0.142396 -0.494907
vn -0.857199 0.142396 -0.494907
vn -0.857199 0.142396 -0.494907
vn -0.857199 0.142396 -0.494907
vn 0.000000 0.000000 -1.000000
vn 0.000000 0.000000 -1.000000
vn 0.000000 0.000000 -1.000000
vn 0.000000 0.000000 -1.000000
vn 0.857201 -0.142395 -0.494904
vn 0.857201 -0.142395 -0.494904
vn 0.857201 -0.142395 -0.494904
vn 0.857201 -0.142395 -0.494904
vn 0.857201 -0.142399 0.494903
vn 0.857201 -0.142399 0.494903
vn 0.857201 -0.142399 0.494903
vn 0.857201 -0.142399 0.494903
vn -0.000006 -0.000006 1.000000
vn -0.000006 -0.000006 1.000000
vn -0.000006 -0.000006 1.000000
vn -0.000006 -0.000006 1.000000
vn -0.865929 0.014820 0.499947
vn -0.865929 0.014820 0.499947
vn -0.865929 0.014820 0.499947
vn -0.865929 0.014820 0.499947
vn -0.865930 0.014820 -0.499946
vn -0.865930 0.014820 -0.499946
vn -0.865930 0.014820 -0.499946
vn -0.865930 0.014820 -0.499946
vn 0.000006 0.000001 -1.000000
vn 0.000006 0.000001 -1.000000
vn 0.000006 0.000001 -1.000000
vn 0.000006 0.000001 -1.000000
vn 0.865929 -0.014820 -0.499947
vn 0.865929 -0.014820 -0.499947
vn 0.865929 -0.014820 -0.499947
vn 0.865929 -0.014820 -0.499947
vn 0.865930 -0.014820 0.499945
vn 0.865930 -0.014820 0.499945
vn 0.865930 -0.014820 0.499945
vn 0.865930 -0.014820 0.499945
vn 0.000000 0.000000 1.000000
vn 0.000000 0.000000 1.000000
vn 0.000000 0.000000 1.000000
vn 0.000000 0.000000 1.000000
vn -0.865458 0.036155 0.499675
vn -0.865458 0.036155 0.499675
vn -0.865458 0.036155 0.499675
vn -0.865458 0.036155 0.499675
vn -0.865457 0.036155 -0.499678
vn -0.865457 0.036155 -0.499678
vn -0.865457 0.036155 -0.499678
vn -0.865456 0.036155 -0.499678
vn 0.000000 0.000000 -1.000000
vn 0.000000 0.000000 -1.000000
vn 0.000000 0.000000 -1.000000
vn 0.000000 0.000000 -1.000000
vn 0.865459 -0.036155 -0.499673
vn 0.865459 -0.036155 -0.499673
vn 0.865459 -0.036155 -0.499673
vn 0.865459 -0.036155 -0.499673
vn 0.865461 -0.036155 0.499671
vn 0.865461 -0.036155 0.499671
vn 0.865461 -0.036155 0.499671
vn 0.865461 -0.036155 0.499671
vn 0.000000 0.000000 1.000000
vn 0.000000 0.000000 1.000000
vn 0.000000 0.000000 1.000000
vn 0.000000 0.000000 1.000000
vn -0.865681 -0.028251 0.499798
vn -0.865681 -0.028251 0.499798
vn -0.865681 -0.028251 0.499798
vn -0.865681 -0.028251 0.499798
vn -0.865681 -0.028251 -0.499799
vn -0.865681 -0.028251 -0.499799
vn -0.865681 -0.028251 -0.499799
vn -0.865681 -0.028251 -0.499799
vn 0.000006 -0.000000 -1.000000
vn 0.000006 -0.000000 -1.000000
vn 0.000006 -0.000000 -1.000000
vn 0.000006 -0.000000 -1.000000
vn 0.865678 0.028251 -0.499804
vn 0.865678 0.028251 -0.499804
vn 0.865678 0.028251 -0.499804
vn 0.865678 0.028251 -0.499804
vn 0.865681 0.028251 0.499798
vn 0.865681 0.028251 0.499798
vn 0.865681 0.028251 0.499798
vn 0.865681 0.028251 0.499798
vn 0.000000 0.000000 1.000000
vn 0.000000 0.000000 1.000000
vn 0.000000 0.000000 1.000000
vn 0.000000 0.000000 1.000000
vn -0.205662 0.172609 0.963280
vn -0.205662 0.172609 0.963280
vn -0.205662 0.172609 0.963280
vn -0.205662 0.172609 0.963280
vn 0.715878 0.265557 0.645754
vn 0.715878 0.265557 0.645754
vn 0.715878 0.265557 0.645754
vn 0.715878 0.265557 0.645754
vn 0.890574 0.351656 -0.288472
vn 0.890574 0.351656 -0.288472
vn 0.890574 0.351656 -0.288472
vn 0.890574 0.351656 -0.288472
vn 0.195464 0.351657 -0.915495
vn 0.195464 0.351657 -0.915495
vn 0.195464 0.351657 -0.915495
vn 0.195464 0.351657 -0.915495
vn -0.715879 0.265553 -0.645755
vn -0.715879 0.265554 -0.645755
vn -0.715879 0.265553 -0.645755
vn -0.715879 0.265553 -0.645755
vn -0.937058 0.172606 0.303529
vn -0.937058 0.172606 0.303529
vn -0.937058 0.172606 0.303529
vn -0.937058 0.172606 0.303529
vn -0.231225 -0.461856 0.856285
vn -0.231225 -0.461856 0.856285
vn -0.231225 -0.461856 0.856285
vn -0.231225 -0.461856 0.856285
vn -0.794552 -0.549952 0.257370
vn -0.794552 -0.549953 0.257371
vn -0.794552 -0.549952 0.257370
vn -0.794552 -0.549952 0.257370
vn -0.614276 -0.561812 -0.554106
vn -0.614276 -0.561812 -0.554106
vn -0.614276 -0.561812 -0.554106
vn -0.614276 -0.561812 -0.554106
vn 0.130046 -0.478148 -0.868598
vn 0.130046 -0.478148 -0.868598
vn 0.130046 -0.478148 -0.868598
vn 0.130046 -0.478148 -0.868598
vn 0.892778 -0.345425 -0.289186
vn 0.892778 -0.345425 -0.289186
vn 0.892778 -0.345425 -0.289186
vn 0.892778 -0.345425 -0.289186
vn 0.696833 -0.345425 0.628574
vn 0.696833 -0.345425 0.628574
vn 0.696833 -0.345425 0.628574
vn 0.696833 -0.345425 0.628574
vn 0.000000 1.000000 0.000000
vn 0.000000 1.000000 0.000000
vn 0.000000 1.000000 0.000000
vn 0.000000 1.000000 0.000000
vn 0.000000 1.000000 0.000000
vn 0.000000 1.000000 0.000000
vn 0.000000 1.000000 0.000000
vn 0.000000 1.000000 0.000000
vn 0.000000 1.000000 0.000000
vn 0.000000 1.000000 0.000000
vn 0.000000 1.000000 0.000000
vn 0.000000 1.000000 0.000000
vn 0.000000 1.000000 0.000000
vn 0.000000 1.000000 0.000000
vn 0.000000 1.000000 0.000000
vn 0.000000 1.000000 0.000000
vn 0.000000 1.000000 0.000000
vn 0.000000 1.000000 0.000000
vn 0.000000 1.000000 0.000000
vn 0.000000 1.000000 0.000000
vn 0.000000 1.000000 0.000000
vn 0.000000 1.000000 0.000000
vn 0.000000 1.000000 0.000000
vn 0.000000 1.000000 0.000000
vn 0.036278 -0.992808 0.114092
vn 0.036278 -0.992808 0.114092
vn 0.036278 -0.992808 0.114092
vn 0.036278 -0.992808 0.114092
vn 0.116363 -0.992879 0.025501
vn 0.116363 -0.992879 0.025501
vn 0.116363 -0.992879 0.025501
vn 0.116363 -0.992879 0.025501
vn 0.116616 -0.992881 0.024241
vn 0.116616 -0.992881 0.024241
vn 0.116616 -0.992881 0.024241
vn 0.116616 -0.992881 0.024241
vn 0.078048 -0.993105 -0.087467
vn 0.078048 -0.993105 -0.087467
vn 0.078048 -0.993105 -0.087467
vn 0.078048 -0.993105 -0.087467
vn -0.000000 -1.000000 0.000000
vn -0.000000 -1.000000 0.000000
vn -0.000000 -1.000000 0.000000
vn -0.000000 -1.000000 0.000000
vn -0.000000 -1.000000 0.000000
vn -0.000000 -1.000000 0.000000
vn -0.000000 -1.000000 0.000000
vn -0.000000 -1.000000 0.000000
vn 0.000000 1.000000 0.000000
vn 0.000000 1.000000 0.000000
vn 0.000000 1.000000 0.000000
vn 0.000000 1.000000 0.000000
vn 0.000000 1.000000 0.000000
vn 0.000000 1.000000 0.000000
vn 0.000000 1.000000 0.000000
vn 0.000000 1.000000 0.000000
vn 0.000000 1.000000 0.000000
vn 0.000000 1.000000 0.000000
vn 0.000000 1.000000 0.000000
vn 0.000000 1.000000 0.000000
vn -0.203379 0.226281 0.952593
vn -0.203379 0.226281 0.952593
vn -0.203379 0.226281 0.952593
vn -0.203379 0.226281 0.952593
vn 0.732321 0.165301 0.660592
vn 0.732321 0.165301 0.660592
vn 0.732321 0.165301 0.660592
vn 0.732321 0.165301 0.660592
vn 0.946338 0.102376 -0.306534
vn 0.946338 0.102376 -0.306534
vn 0.946338 0.102376 -0.306534
vn 0.946338 0.102376 -0.306534
vn 0.207704 0.102378 -0.972820
vn 0.207704 0.102378 -0.972820
vn 0.207704 0.102378 -0.972820
vn 0.207704 0.102378 -0.972820
vn -0.732323 0.165304 -0.660589
vn -0.732323 0.165304 -0.660589
vn -0.732323 0.165304 -0.660589
vn -0.732323 0.165304 -0.660589
vn -0.926661 0.226280 0.300162
vn -0.926661 0.226280 0.300162
vn -0.926661 0.226280 0.300162
vn -0.926661 0.226280 0.300162
vn -0.205716 0.171320 0.963499
vn -0.205716 0.171320 0.963499
vn -0.205716 0.171320 0.963499
vn -0.205716 0.171320 0.963499
vn 0.732323 0.165304 0.660589
vn 0.732323 0.165304 0.660589
vn 0.732323 0.165304 0.660589
vn 0.732323 0.165304 0.660589
vn 0.939190 0.159273 -0.304228
vn 0.939190 0.159273 -0.304228
vn 0.939190 0.159273 -0.304228
vn 0.939190 0.159273 -0.304228
vn 0.206138 0.159271 -0.965474
vn 0.206138 0.159271 -0.965474
vn 0.206138 0.159271 -0.965474
vn 0.206138 0.159271 -0.965474
vn -0.732328 0.165307 -0.660583
vn -0.732328 0.165307 -0.660583
vn -0.732328 0.165307 -0.660583
vn -0.732328 0.165307 -0.660583
vn -0.937271 0.171323 0.303597
vn -0.937271 0.171323 0.303597
vn -0.937271 0.171323 0.303597
vn -0.937271 0.171323 0.303597
vn -0.204403 0.204029 0.957388
vn -0.204403 0.204029 0.957388
vn -0.204403 0.204029 0.957388
vn -0.204403 0.204029 0.957388
vn -0.931328 0.204020 0.301669
vn -0.931328 0.204020 0.301669
vn -0.931328 0.204020 0.301669
vn -0.931328 0.204020 0.301669
vn -0.742537 -0.000000 -0.669805
vn -0.742537 -0.000000 -0.669805
vn -0.742537 -0.000000 -0.669805
vn -0.742537 -0.000000 -0.669805
vn 0.204404 -0.204019 -0.957390
vn 0.204404 -0.204019 -0.957390
vn 0.204404 -0.204019 -0.957390
vn 0.204404 -0.204019 -0.957390
vn 0.896590 -0.260272 -0.358308
vn 0.896590 -0.260272 -0.358308
vn 0.896590 -0.260272 -0.358308
vn 0.896590 -0.260272 -0.358308
vn 0.686727 -0.044139 0.725574
vn 0.686727 -0.044139 0.725574
vn 0.686727 -0.044139 0.725574
vn 0.686727 -0.044139 0.725574
vn -0.208194 -0.075829 0.975144
vn -0.208194 -0.075829 0.975144
vn -0.208194 -0.075829 0.975144
vn -0.208194 -0.075829 0.975144
vn -0.948601 -0.075828 0.307256
vn -0.948601 -0.075828 0.307256
vn -0.948601 -0.075828 0.307256
vn -0.948601 -0.075828 0.307256
vn -0.742539 -0.000001 -0.669803
vn -0.742539 -0.000001 -0.669803
vn -0.742539 -0.000001 -0.669803
vn -0.742539 -0.000001 -0.669803
vn 0.208195 0.075830 -0.975143
vn 0.208195 0.075830 -0.975143
vn 0.208195 0.075830 -0.975143
vn 0.208195 0.075830 -0.975143
vn 0.948600 0.075830 -0.307259
vn 0.948600 0.075830 -0.307259
vn 0.948600 0.075830 -0.307259
vn 0.948600 0.075830 -0.307259
vn 0.742539 0.000001 0.669803
vn 0.742539 0.000001 0.669803
vn 0.742539 0.000001 0.669803
vn 0.742539 0.000001 0.669803
vn -0.206668 0.142389 0.967995
vn -0.206668 0.142389 0.967995
vn -0.206668 0.142389 0.967995
vn -0.206668 0.142389 0.967995
vn -0.941644 0.142396 0.305008
vn -0.941644 0.142396 0.305008
vn -0.941644 0.142396 0.305008
vn -0.941644 0.142396 0.305008
vn -0.742539 0.000001 -0.669803
vn -0.742539 0.000001 -0.669803
vn -0.742539 0.000001 -0.669803
vn -0.742539 0.000001 -0.669803
vn 0.206668 -0.142405 -0.967992
vn 0.206668 -0.142405 -0.967992
vn 0.206668 -0.142405 -0.967992
vn 0.206668 -0.142405 -0.967992
vn 0.941642 -0.142397 -0.305013
vn 0.941642 -0.142397 -0.305013
vn 0.941642 -0.142397 -0.305013
vn 0.941642 -0.142397 -0.305013
vn 0.742537 -0.000002 0.669805
vn 0.742537 -0.000002 0.669805
vn 0.742537 -0.000002 0.669805
vn 0.742537 -0.000002 0.669805
vn -0.208773 0.014820 0.977852
vn -0.208773 0.014820 0.977852
vn -0.208773 0.014820 0.977852
vn -0.208773 0.014820 0.977852
vn -0.951232 0.014820 0.308122
vn -0.951232 0.014820 0.308122
vn -0.951232 0.014820 0.308122
vn -0.951232 0.014820 0.308122
vn -0.742539 -0.000000 -0.669803
vn -0.742539 -0.000000 -0.669803
vn -0.742539 -0.000000 -0.669803
vn -0.742539 -0.000000 -0.669803
vn 0.208773 -0.014820 -0.977852
vn 0.208773 -0.014820 -0.977852
vn 0.208773 -0.014820 -0.977852
vn 0.208773 -0.014820 -0.977852
vn 0.951231 -0.014820 -0.308124
vn 0.951231 -0.014820 -0.308124
vn 0.951231 -0.014820 -0.308124
vn 0.951231 -0.014820 -0.308124
vn 0.742537 0.000000 0.669805
vn 0.742537 0.000000 0.669805
vn 0.742537 0.000000 0.669805
vn 0.742537 0.000000 0.669805
vn -0.208658 0.036155 0.977320
vn -0.208658 0.036155 0.977320
vn -0.208658 0.036155 0.977320
vn -0.208658 0.036155 0.977320
vn -0.950715 0.036155 0.307951
vn -0.950715 0.036155 0.307951
vn -0.950715 0.036155 0.307951
vn -0.950715 0.036155 0.307951
vn -0.742540 0.000000 -0.669801
vn -0.742540 0.000000 -0.669801
vn -0.742540 0.000000 -0.669801
vn -0.742540 0.000000 -0.669801
vn 0.208657 -0.036155 -0.977320
vn 0.208657 -0.036155 -0.977320
vn 0.208657 -0.036155 -0.977320
vn 0.208657 -0.036155 -0.977320
vn 0.950716 -0.036155 -0.307949
vn 0.950716 -0.036155 -0.307949
vn 0.950716 -0.036155 -0.307949
vn 0.950716 -0.036155 -0.307949
vn 0.742535 0.000000 0.669808
vn 0.742535 0.000000 0.669808
vn 0.742535 0.000000 0.669808
vn 0.742535 0.000000 0.669808
vn -0.208712 -0.028251 0.977569
vn -0.208712 -0.028251 0.977569
vn -0.208711 -0.028251 0.977569
vn -0.208712 -0.028251 0.977569
vn -0.950957 -0.028251 0.308030
vn -0.950957 -0.028251 0.308030
vn -0.950957 -0.028251 0.308030
vn -0.950957 -0.028251 0.308030
vn -0.742539 0.000000 -0.669803
vn -0.742539 0.000000 -0.669803
vn -0.742539 0.000000 -0.669803
vn -0.742539 0.000000 -0.669803
vn 0.208712 0.028251 -0.977569
vn 0.208711 0.028251 -0.977569
vn 0.208712 0.028251 -0.977569
vn 0.208711 0.028251 -0.977569
vn 0.950956 0.028251 -0.308033
vn 0.950956 0.028251 -0.308033
vn 0.950956 0.028251 -0.308033
vn 0.950956 0.028251 -0.308033
vn 0.742533 -0.000000 0.669809
vn 0.742533 -0.000000 0.669810
vn 0.742533 -0.000000 0.669809
vn 0.742533 -0.000000 0.669809
vn 0.207142 0.172610 -0.962963
vn 0.207142 0.172610 -0.962963
vn 0.207142 0.172610 -0.962963
vn 0.207142 0.172610 -0.962963
vn -0.714883 0.265554 -0.646857
vn -0.714883 0.265554 -0.646857
vn -0.714883 0.265554 -0.646857
vn -0.714883 0.265554 -0.646857
vn -0.891017 0.351655 0.287103
vn -0.891017 0.351655 0.287103
vn -0.891017 0.351655 0.287103
vn -0.891017 0.351655 0.287103
vn -0.196869 0.351656 0.915194
vn -0.196869 0.351656 0.915194
vn -0.196869 0.351656 0.915194
vn -0.196869 0.351656 0.915194
vn 0.714882 0.265555 0.646858
vn 0.714882 0.265555 0.646858
vn 0.714882 0.265555 0.646858
vn 0.714882 0.265555 0.646858
vn 0.937524 0.172610 -0.302085
vn 0.937524 0.172610 -0.302085
vn 0.937524 0.172610 -0.302085
vn 0.937524 0.172610 -0.302085
vn 0.232542 -0.461855 -0.855929
vn 0.232542 -0.461855 -0.855929
vn 0.232542 -0.461855 -0.855929
vn 0.232542 -0.461855 -0.855929
vn 0.794949 -0.549950 -0.256147
vn 0.794949 -0.549950 -0.256147
vn 0.794949 -0.549950 -0.256147
vn 0.794949 -0.549950 -0.256147
vn 0.613422 -0.561812 0.555050
vn 0.613422 -0.561812 0.555050
vn 0.613422 -0.561812 0.555050
vn 0.613422 -0.561812 0.555050
vn -0.131383 -0.478151 0.868395
vn -0.131383 -0.478151 0.868395
vn -0.131383 -0.478151 0.868395
vn -0.131383 -0.478151 0.868395
vn -0.893223 -0.345422 0.287814
vn -0.893223 -0.345422 0.287814
vn -0.893223 -0.345422 0.287814
vn -0.893223 -0.345422 0.287814
vn -0.695863 -0.345426 -0.629647
vn -0.695863 -0.345426 -0.629647
vn -0.695863 -0.345427 -0.629647
vn -0.695863 -0.345426 -0.629647
vn 0.000000 1.000000 0.000000
vn 0.000000 1.000000 0.000000
vn 0.000000 1.000000 0.000000
vn 0.000000 1.000000 0.000000
vn 0.000000 1.000000 0.000000
vn 0.000000 1.000000 0.000000
vn 0.000000 1.000000 0.000000
vn 0.000000 1.000000 0.000000
vn 0.000000 1.000000 0.000000
vn 0.000000 1.000000 0.000000
vn 0.000000 1.000000 0.000000
vn 0.000000 1.000000 0.000000
vn 0.000000 1.000000 0.000000
vn 0.000000 1.000000 0.000000
vn 0.000000 1.000000 0.000000
vn 0.000000 1.000000 0.000000
vn 0.000000 1.000000 0.000000
vn 0.000000 1.000000 0.000000
vn 0.000000 1.000000 0.000000
vn 0.000000 1.000000 0.000000
vn 0.000000 1.000000 0.000000
vn 0.000000 1.000000 0.000000
vn 0.000000 1.000000 0.000000
vn 0.000000 1.000000 0.000000
vn -0.036103 -0.992808 -0.114148
vn -0.036103 -0.992808 -0.114148
vn -0.036103 -0.992808 -0.114148
vn -0.036103 -0.992808 -0.114148
vn -0.116323 -0.992879 -0.025680
vn -0.116323 -0.992879 -0.025680
vn -0.116323 -0.992879 -0.025680
vn -0.116323 -0.992879 -0.025680
vn -0.116578 -0.992881 -0.024421
vn -0.116578 -0.992881 -0.024421
vn -0.116578 -0.992881 -0.024421
vn -0.116578 -0.992881 -0.024421
vn -0.078183 -0.993105 0.087348
vn -0.078183 -0.993105 0.087348
vn -0.078183 -0.993105 0.087348
vn -0.078183 -0.993105 0.087348
vn -0.000000 -1.000000 0.000000
vn -0.000000 -1.000000 0.000000
vn -0.000000 -1.000000 0.000000
vn -0.000000 -1.000000 0.000000
vn -0.000000 -1.000000 0.000000
vn -0.000000 -1.000000 0.000000
vn -0.000000 -1.000000 0.000000
vn -0.000000 -1.000000 0.000000
vn 0.000000 1.000000 0.000000
vn 0.000000 1.000000 0.000000
vn 0.000000 1.000000 0.000000
vn 0.000000 1.000000 0.000000
vn 0.000000 1.000000 0.000000
vn 0.000000 1.000000 0.000000
vn 0.000000 1.000000 0.000000
vn 0.000000 1.000000 0.000000
vn 0.000000 1.000000 0.000000
vn 0.000000 1.000000 0.000000
vn 0.000000 1.000000 0.000000
vn 0.000000 1.000000 0.000000
vn 0.204849 0.226279 -0.952279
vn 0.204849 0.226279 -0.952279
vn 0.204849 0.226279 -0.952279
vn 0.204849 0.226279 -0.952279
vn -0.731304 0.165306 -0.661716
vn -0.731304 0.165306 -0.661716
vn -0.731304 0.165306 -0.661716
vn -0.731304 0.165306 -0.661716
vn -0.946809 0.102379 0.305076
vn -0.946809 0.102379 0.305076
vn -0.946809 0.102379 0.305076
vn -0.946809 0.102379 0.305076
vn -0.209198 0.102377 0.972499
vn -0.209198 0.102377 0.972499
vn -0.209198 0.102377 0.972499
vn -0.209198 0.102377 0.972499
vn 0.731304 0.165304 0.661716
vn 0.731304 0.165304 0.661716
vn 0.731304 0.165304 0.661716
vn 0.731304 0.165304 0.661716
vn 0.927122 0.226280 -0.298736
vn 0.927121 0.226280 -0.298736
vn 0.927121 0.226280 -0.298736
vn 0.927121 0.226280 -0.298736
vn 0.207190 0.171319 -0.963183
vn 0.207190 0.171319 -0.963183
vn 0.207190 0.171319 -0.963183
vn 0.207190 0.171319 -0.963183
vn -0.731307 0.165304 -0.661714
vn -0.731307 0.165304 -0.661714
vn -0.731307 0.165304 -0.661713
vn -0.731307 0.165304 -0.661714
vn -0.939660 0.159270 0.302775
vn -0.939660 0.159270 0.302775
vn -0.939660 0.159270 0.302775
vn -0.939660 0.159270 0.302775
vn -0.207613 0.159271 0.965158
vn -0.207613 0.159271 0.965158
vn -0.207613 0.159271 0.965158
vn -0.207613 0.159271 0.965158
vn 0.731298 0.165304 0.661724
vn 0.731298 0.165304 0.661724
vn 0.731298 0.165304 0.661724
vn 0.731298 0.165304 0.661724
vn 0.937737 0.171319 -0.302159
vn 0.937737 0.171319 -0.302159
vn 0.937737 0.171319 -0.302159
vn 0.937737 0.171319 -0.302159
vn 0.205877 0.204029 -0.957072
vn 0.205877 0.204029 -0.957072
vn 0.205877 0.204029 -0.957072
vn 0.205877 0.204029 -0.957072
vn 0.931787 0.204028 -0.300242
vn 0.931787 0.204028 -0.300242
vn 0.931787 0.204028 -0.300242
vn 0.931787 0.204028 -0.300242
vn 0.741505 -0.000001 0.670947
vn 0.741505 -0.000001 0.670947
vn 0.741505 -0.000001 0.670947
vn 0.741505 -0.000001 0.670947
vn -0.205877 -0.204029 0.957072
vn -0.205877 -0.204029 0.957072
vn -0.205877 -0.204029 0.957072
vn -0.205877 -0.204029 0.957072
vn -0.897139 -0.260273 0.356931
vn -0.897139 -0.260273 0.356931
vn -0.897139 -0.260273 0.356931
vn -0.897139 -0.260273 0.356931
vn -0.685604 -0.044138 -0.726635
vn -0.685604 -0.044138 -0.726635
vn -0.685604 -0.044138 -0.726635
vn -0.685604 -0.044138 -0.726635
vn 0.209695 -0.075826 -0.974822
vn 0.209695 -0.075826 -0.974822
vn 0.209695 -0.075826 -0.974822
vn 0.209695 -0.075826 -0.974822
vn 0.949069 -0.075825 -0.305807
vn 0.949069 -0.075825 -0.305807
vn 0.949069 -0.075825 -0.305807
vn 0.949069 -0.075825 -0.305807
vn 0.741505 -0.000000 0.670947
vn 0.741505 -0.000000 0.670947
vn 0.741505 -0.000000 0.670947
vn 0.741505 -0.000000 0.670947
vn -0.209695 0.075827 0.974822
vn -0.209695 0.075827 0.974822
vn -0.209695 0.075827 0.974822
vn -0.209695 0.075827 0.974822
vn -0.949069 0.075830 0.305807
vn -0.949069 0.075830 0.305807
vn -0.949069 0.075830 0.305807
vn -0.949069 0.075830 0.305807
vn -0.741505 0.000000 -0.670947
vn -0.741505 0.000000 -0.670947
vn -0.741505 0.000000 -0.670947
vn -0.741505 0.000000 -0.670947
vn 0.208157 0.142397 -0.967674
vn 0.208157 0.142397 -0.967674
vn 0.208157 0.142397 -0.967674
vn 0.208157 0.142397 -0.967674
vn 0.942112 0.142387 -0.303563
vn 0.942112 0.142387 -0.303563
vn 0.942112 0.142387 -0.303563
vn 0.942112 0.142387 -0.303563
vn 0.741505 0.000005 0.670947
vn 0.741505 0.000005 0.670947
vn 0.741505 0.000005 0.670947
vn 0.741505 0.000005 0.670947
vn -0.208158 -0.142384 0.967676
vn -0.208158 -0.142384 0.967676
vn -0.208158 -0.142384 0.967676
vn -0.208158 -0.142384 0.967676
vn -0.942111 -0.142394 0.303563
vn -0.942111 -0.142394 0.303563
vn -0.942111 -0.142394 0.303563
vn -0.942111 -0.142394 0.303563
vn -0.741505 0.000005 -0.670947
vn -0.741505 0.000005 -0.670947
vn -0.741505 0.000005 -0.670947
vn -0.741505 0.000005 -0.670947
vn 0.210277 0.014820 -0.977530
vn 0.210277 0.014820 -0.977529
vn 0.210277 0.014820 -0.977530
vn 0.210277 0.014820 -0.977529
vn 0.951706 0.014820 -0.306653
vn 0.951706 0.014820 -0.306653
vn 0.951706 0.014820 -0.306653
vn 0.951706 0.014820 -0.306653
vn 0.741507 0.000000 0.670946
vn 0.741507 0.000000 0.670946
vn 0.741507 0.000000 0.670946
vn 0.741507 0.000000 0.670946
vn -0.210283 -0.014821 0.977528
vn -0.210283 -0.014821 0.977528
vn -0.210283 -0.014821 0.977528
vn -0.210283 -0.014821 0.977528
vn -0.951706 -0.014821 0.306655
vn -0.951706 -0.014821 0.306655
vn -0.951706 -0.014821 0.306655
vn -0.951706 -0.014821 0.306655
vn -0.741507 -0.000000 -0.670946
vn -0.741507 -0.000000 -0.670946
vn -0.741507 -0.000000 -0.670946
vn -0.741507 -0.000000 -0.670946
vn 0.210158 0.036155 -0.976999
vn 0.210158 0.036155 -0.976999
vn 0.210158 0.036155 -0.976999
vn 0.210158 0.036155 -0.976999
vn 0.951188 0.036155 -0.306486
vn 0.951188 0.036155 -0.306486
vn 0.951188 0.036155 -0.306486
vn 0.951188 0.036155 -0.306486
vn 0.741505 0.000000 0.670947
vn 0.741505 0.000000 0.670947
vn 0.741505 0.000000 0.670947
vn 0.741505 0.000000 0.670947
vn -0.210176 -0.036155 0.976995
vn -0.210176 -0.036155 0.976995
vn -0.210176 -0.036155 0.976995
vn -0.210176 -0.036155 0.976995
vn -0.951186 -0.036155 0.306494
vn -0.951186 -0.036155 0.306494
vn -0.951186 -0.036155 0.306494
vn -0.951186 -0.036155 0.306494
vn -0.741505 0.000000 -0.670947
vn -0.741505 0.000000 -0.670947
vn -0.741505 0.000000 -0.670947
vn -0.741505 0.000000 -0.670947
vn 0.210066 -0.046644 -0.976574
vn 0.210066 -0.046644 -0.976574
vn 0.210066 -0.046644 -0.976574
vn 0.210066 -0.046644 -0.976574
vn 0.950775 -0.046644 -0.306353
vn 0.950775 -0.046644 -0.306353
vn 0.950775 -0.046644 -0.306353
vn 0.950775 -0.046644 -0.306353
vn 0.741507 -0.000000 0.670946
vn 0.741507 -0.000000 0.670946
vn 0.741507 -0.000000 0.670946
vn 0.741507 -0.000000 0.670946
vn -0.210084 0.046644 0.976570
vn -0.210084 0.046644 0.976570
vn -0.210084 0.046644 0.976570
vn -0.210084 0.046644 0.976570
vn -0.950772 0.046644 0.306361
vn -0.950772 0.046644 0.306361
vn -0.950772 0.046644 0.306361
vn -0.950772 0.046644 0.306361
vn -0.741507 -0.000001 -0.670946
vn -0.741507 -0.000001 -0.670946
vn -0.741507 -0.000001 -0.670946
vn -0.741507 -0.000001 -0.670946
vn -0.853026 0.172607 0.492497
vn -0.853026 0.172607 0.492497
vn -0.853026 0.172607 0.492497
vn -0.853026 0.172607 0.492497
vn 0.000000 0.265555 0.964096
vn 0.000000 0.265555 0.964096
vn 0.000000 0.265555 0.964096
vn 0.000000 0.265555 0.964096
vn 0.810710 0.351654 0.468069
vn 0.810710 0.351654 0.468069
vn 0.810710 0.351654 0.468069
vn 0.810710 0.351654 0.468069
vn 0.810712 0.351654 -0.468066
vn 0.810712 0.351654 -0.468066
vn 0.810712 0.351654 -0.468066
vn 0.810712 0.351654 -0.468066
vn 0.000004 0.265551 -0.964097
vn 0.000004 0.265551 -0.964097
vn 0.000004 0.265551 -0.964097
vn 0.000004 0.265551 -0.964097
vn -0.853027 0.172608 -0.492495
vn -0.853027 0.172608 -0.492495
vn -0.853027 0.172608 -0.492495
vn -0.853027 0.172608 -0.492495
vn -0.790700 -0.461855 0.401850
vn -0.790700 -0.461855 0.401850
vn -0.790700 -0.461855 0.401850
vn -0.790700 -0.461855 0.401850
vn -0.723305 -0.549947 -0.417599
vn -0.723305 -0.549947 -0.417599
vn -0.723305 -0.549947 -0.417599
vn -0.723305 -0.549947 -0.417599
vn 0.000004 -0.561809 -0.827267
vn 0.000004 -0.561809 -0.827267
vn 0.000004 -0.561809 -0.827267
vn 0.000004 -0.561809 -0.827267
vn 0.732071 -0.478151 -0.485225
vn 0.732071 -0.478151 -0.485225
vn 0.732071 -0.478151 -0.485225
vn 0.732071 -0.478151 -0.485225
vn 0.812719 -0.345425 0.469223
vn 0.812719 -0.345425 0.469223
vn 0.812719 -0.345425 0.469223
vn 0.812719 -0.345425 0.469223
vn 0.000001 -0.345431 0.938444
vn 0.000001 -0.345431 0.938444
vn 0.000001 -0.345431 0.938444
vn 0.000001 -0.345431 0.938444
vn 0.000000 1.000000 0.000000
vn 0.000000 1.000000 0.000000
vn 0.000000 1.000000 0.000000
vn 0.000000 1.000000 0.000000
vn 0.000000 1.000000 0.000000
vn 0.000000 1.000000 0.000000
vn 0.000000 1.000000 0.000000
vn 0.000000 1.000000 0.000000
vn 0.000000 1.000000 0.000000
vn 0.000000 1.000000 0.000000
vn 0.000000 1.000000 0.000000
vn 0.000000 1.000000 0.000000
vn 0.000000 1.000000 0.000000
vn 0.000000 1.000000 0.000000
vn 0.000000 1.000000 0.000000
vn 0.000000 1.000000 0.000000
vn 0.000000 1.000000 0.000000
vn 0.000000 1.000000 0.000000
vn 0.000000 1.000000 0.000000
vn 0.000000 1.000000 0.000000
vn 0.000000 1.000000 0.000000
vn 0.000000 1.000000 0.000000
vn 0.000000 1.000000 0.000000
vn 0.000000 1.000000 0.000000
vn -0.060420 -0.992808 0.103357
vn -0.060420 -0.992808 0.103357
vn -0.060420 -0.992808 0.103357
vn -0.060420 -0.992808 0.103357
vn 0.059005 -0.992879 0.103485
vn 0.059005 -0.992879 0.103485
vn 0.059005 -0.992879 0.103485
vn 0.059005 -0.992879 0.103485
vn 0.060110 -0.992881 0.102829
vn 0.060110 -0.992881 0.102829
vn 0.060110 -0.992881 0.102829
vn 0.060110 -0.992881 0.102829
vn 0.117225 -0.993105 -0.000633
vn 0.117225 -0.993105 -0.000633
vn 0.117225 -0.993105 -0.000633
vn 0.117225 -0.993105 -0.000633
vn -0.000000 -1.000000 0.000000
vn -0.000000 -1.000000 0.000000
vn -0.000000 -1.000000 0.000000
vn -0.000000 -1.000000 0.000000
vn -0.000000 -1.000000 0.000000
vn -0.000000 -1.000000 0.000000
vn -0.000000 -1.000000 0.000000
vn -0.000000 -1.000000 0.000000
vn 0.000000 1.000000 0.000000
vn 0.000000 1.000000 0.000000
vn 0.000000 1.000000 0.000000
vn 0.000000 1.000000 0.000000
vn 0.000000 1.000000 0.000000
vn 0.000000 1.000000 0.000000
vn 0.000000 1.000000 0.000000
vn 0.000000 1.000000 0.000000
vn 0.000000 1.000000 0.000000
vn 0.000000 1.000000 0.000000
vn 0.000000 1.000000 0.000000
vn 0.000000 1.000000 0.000000
vn -0.843561 0.226279 0.487035
vn -0.843561 0.226279 0.487035
vn -0.843561 0.226279 0.487035
vn -0.843561 0.226279 0.487035
vn 0.000000 0.165303 0.986243
vn 0.000000 0.165303 0.986243
vn 0.000000 0.165303 0.986243
vn 0.000000 0.165303 0.986243
vn 0.861471 0.102378 0.497379
vn 0.861471 0.102378 0.497379
vn 0.861471 0.102378 0.497379
vn 0.861471 0.102378 0.497379
vn 0.861475 0.102377 -0.497372
vn 0.861475 0.102377 -0.497372
vn 0.861475 0.102377 -0.497372
vn 0.861475 0.102377 -0.497372
vn 0.000008 0.165306 -0.986242
vn 0.000008 0.165306 -0.986242
vn 0.000008 0.165306 -0.986242
vn 0.000008 0.165306 -0.986242
vn -0.843567 0.226281 -0.487024
vn -0.843567 0.226281 -0.487024
vn -0.843567 0.226281 -0.487024
vn -0.843567 0.226281 -0.487024
vn -0.853210 0.171320 0.492627
vn -0.853211 0.171320 0.492627
vn -0.853210 0.171320 0.492627
vn -0.853210 0.171320 0.492627
vn 0.000000 0.165305 0.986242
vn 0.000000 0.165305 0.986242
vn 0.000000 0.165305 0.986242
vn 0.000000 0.165305 0.986242
vn 0.854964 0.159271 0.493629
vn 0.854964 0.159271 0.493629
vn 0.854964 0.159271 0.493629
vn 0.854964 0.159271 0.493629
vn 0.854969 0.159272 -0.493619
vn 0.854969 0.159272 -0.493619
vn 0.854969 0.159272 -0.493619
vn 0.854969 0.159272 -0.493619
vn 0.000000 0.165305 -0.986242
vn 0.000000 0.165305 -0.986242
vn 0.000000 0.165305 -0.986242
vn 0.000000 0.165305 -0.986242
vn -0.853221 0.171320 -0.492610
vn -0.853221 0.171320 -0.492610
vn -0.853221 0.171320 -0.492610
vn -0.853220 0.171320 -0.492610
vn -0.847812 0.204024 0.489479
vn -0.847812 0.204024 0.489479
vn -0.847812 0.204024 0.489479
vn -0.847812 0.204024 0.489479
vn -0.847809 0.204024 -0.489484
vn -0.847809 0.204024 -0.489484
vn -0.847809 0.204024 -0.489484
vn -0.847809 0.204024 -0.489484
vn 0.000000 0.000000 -1.000000
vn 0.000000 0.000000 -1.000000
vn 0.000000 0.000000 -1.000000
vn 0.000000 0.000000 -1.000000
vn 0.847808 -0.204028 -0.489483
vn 0.847808 -0.204028 -0.489483
vn 0.847808 -0.204028 -0.489483
vn 0.847808 -0.204028 -0.489483
vn 0.866601 -0.260271 0.425749
vn 0.866601 -0.260271 0.425749
vn 0.866601 -0.260271 0.425749
vn 0.866601 -0.260271 0.425749
vn -0.078792 -0.044136 0.995914
vn -0.078792 -0.044136 0.995914
vn -0.078792 -0.044136 0.995914
vn -0.078792 -0.044136 0.995914
vn -0.863533 -0.075833 0.498559
vn -0.863533 -0.075833 0.498559
vn -0.863533 -0.075833 0.498559
vn -0.863533 -0.075833 0.498559
vn -0.863531 -0.075830 -0.498562
vn -0.863531 -0.075830 -0.498562
vn -0.863531 -0.075830 -0.498562
vn -0.863531 -0.075830 -0.498562
vn 0.000000 0.000000 -1.000000
vn 0.000000 0.000000 -1.000000
vn 0.000000 0.000000 -1.000000
vn 0.000000 0.000000 -1.000000
vn 0.863533 0.075828 -0.498559
vn 0.863533 0.075828 -0.498559
vn 0.863533 0.075828 -0.498559
vn 0.863533 0.075828 -0.498559
vn 0.863529 0.075825 0.498567
vn 0.863529 0.075825 0.498567
vn 0.863529 0.075825 0.498567
vn 0.863529 0.075825 0.498567
vn -0.000000 -0.000010 1.000000
vn -0.000000 -0.000010 1.000000
vn -0.000000 -0.000010 1.000000
vn -0.000000 -0.000010 1.000000
vn -0.857200 0.142395 0.494906
vn -0.857200 0.142395 0.494906
vn -0.857200 0.142395 0.494906
vn -0.857200 0.142395 0.494906
vn -0.857200 0.142395 -0.494906
vn -0.857200 0.142395 -0.494906
vn -0.857200 0.142395 -0.494906
vn -0.857200 0.142395 -0.494906
vn 0.000000 0.000000 -1.000000
vn 0.000000 0.000000 -1.000000
vn 0.000000 0.000000 -1.000000
vn 0.000000 0.000000 -1.000000
vn 0.857202 -0.142392 -0.494904
vn 0.857202 -0.142392 -0.494904
vn 0.857202 -0.142392 -0.494904
vn 0.857202 -0.142392 -0.494904
vn 0.857200 -0.142395 0.494906
vn 0.857200 -0.142395 0.494906
vn 0.857200 -0.142395 0.494906
vn 0.857200 -0.142395 0.494906
vn -0.000006 0.000008 1.000000
vn -0.000006 0.000008 1.000000
vn -0.000006 0.000008 1.000000
vn -0.000006 0.000008 1.000000
vn -0.865928 0.014821 0.499949
vn -0.865928 0.014821 0.499949
vn -0.865928 0.014821 0.499949
vn -0.865928 0.014821 0.499949
vn -0.865931 0.014820 -0.499944
vn -0.865931 0.014820 -0.499944
vn -0.865931 0.014820 -0.499944
vn -0.865931 0.014820 -0.499944
vn 0.000000 0.000000 -1.000000
vn 0.000000 0.000000 -1.000000
vn 0.000000 0.000000 -1.000000
vn 0.000000 0.000000 -1.000000
vn 0.865934 -0.014821 -0.499939
vn 0.865934 -0.014821 -0.499939
vn 0.865934 -0.014821 -0.499939
vn 0.865934 -0.014821 -0.499939
vn 0.865931 -0.014821 0.499944
vn 0.865931 -0.014821 0.499944
vn 0.865931 -0.014821 0.499944
vn 0.865931 -0.014821 0.499944
vn -0.000006 -0.000001 1.000000
vn -0.000006 -0.000001 1.000000
vn -0.000006 -0.000001 1.000000
vn -0.000006 -0.000001 1.000000
vn -0.865455 0.036155 0.499680
vn -0.865455 0.036155 0.499680
vn -0.865455 0.036155 0.499680
vn -0.865455 0.036155 0.499680
vn -0.865466 0.036155 -0.499662
vn -0.865466 0.036155 -0.499662
vn -0.865466 0.036155 -0.499662
vn -0.865466 0.036155 -0.499662
vn 0.000000 0.000000 -1.000000
vn 0.000000 0.000000 -1.000000
vn 0.000000 0.000000 -1.000000
vn 0.000000 0.000000 -1.000000
vn 0.865457 -0.036155 -0.499677
vn 0.865457 -0.036155 -0.499677
vn 0.865457 -0.036155 -0.499677
vn 0.865457 -0.036155 -0.499677
vn 0.865461 -0.036155 0.499669
vn 0.865462 -0.036155 0.499669
vn 0.865462 -0.036155 0.499669
vn 0.865461 -0.036155 0.499669
vn -0.000006 0.000001 1.000000
vn -0.000006 0.000001 1.000000
vn -0.000006 0.000001 1.000000
vn -0.000006 0.000001 1.000000
vn -0.865675 -0.028251 0.499809
vn -0.865675 -0.028251 0.499809
vn -0.865675 -0.028251 0.499809
vn -0.865675 -0.028251 0.499809
vn -0.865684 -0.028250 -0.499794
vn -0.865683 -0.028250 -0.499794
vn -0.865684 -0.028250 -0.499794
vn -0.865683 -0.028250 -0.499794
vn 0.000000 0.000000 -1.000000
vn 0.000000 0.000000 -1.000000
vn 0.000000 0.000000 -1.000000
vn 0.000000 0.000000 -1.000000
vn 0.865683 0.028251 -0.499794
vn 0.865683 0.028251 -0.499794
vn 0.865683 0.028251 -0.499794
vn 0.865683 0.028251 -0.499794
vn 0.865679 0.028251 0.499802
vn 0.865679 0.028251 0.499802
vn 0.865679 0.028251 0.499802
vn 0.865679 0.028251 0.499802
vn 0.000000 0.000000 1.000000
vn 0.000000 0.000000 1.000000
vn 0.000000 0.000000 1.000000
vn 0.000000 0.000000 1.000000
vn -0.205670 0.172609 0.963279
vn -0.205670 0.172609 0.963279
vn -0.205670 0.172609 0.963279
vn -0.205670 0.172609 0.963279
vn 0.715881 0.265554 0.645751
vn 0.715881 0.265554 0.645751
vn 0.715881 0.265554 0.645751
vn 0.715881 0.265554 0.645751
vn 0.890575 0.351655 -0.288472
vn 0.890575 0.351655 -0.288472
vn 0.890575 0.351655 -0.288472
vn 0.890575 0.351655 -0.288472
vn 0.195460 0.351651 -0.915498
vn 0.195460 0.351651 -0.915498
vn 0.195460 0.351651 -0.915498
vn 0.195460 0.351651 -0.915498
vn -0.715876 0.265554 -0.645758
vn -0.715876 0.265554 -0.645758
vn -0.715876 0.265554 -0.645758
vn -0.715876 0.265554 -0.645758
vn -0.937055 0.172607 0.303537
vn -0.937055 0.172607 0.303537
vn -0.937055 0.172607 0.303537
vn -0.937055 0.172607 0.303537
vn -0.231226 -0.461858 0.856284
vn -0.231226 -0.461858 0.856284
vn -0.231226 -0.461858 0.856284
vn -0.231226 -0.461858 0.856284
vn -0.794555 -0.549948 0.257371
vn -0.794555 -0.549948 0.257371
vn -0.794555 -0.549948 0.257371
vn -0.794555 -0.549948 0.257371
vn -0.614276 -0.561811 -0.554106
vn -0.614276 -0.561811 -0.554106
vn -0.614276 -0.561811 -0.554106
vn -0.614276 -0.561811 -0.554106
vn 0.130046 -0.478156 -0.868594
vn 0.130046 -0.478156 -0.868594
vn 0.130046 -0.478156 -0.868594
vn 0.130046 -0.478156 -0.868594
vn 0.892776 -0.345430 -0.289188
vn 0.892776 -0.345430 -0.289188
vn 0.892776 -0.345430 -0.289188
vn 0.892776 -0.345430 -0.289188
vn 0.696833 -0.345427 0.628574
vn 0.696833 -0.345427 0.628574
vn 0.696833 -0.345427 0.628574
vn 0.696833 -0.345427 0.628574
vn 0.000000 1.000000 0.000000
vn 0.000000 1.000000 0.000000
vn 0.000000 1.000000 0.000000
vn 0.000000 1.000000 0.000000
vn 0.000000 1.000000 0.000000
vn 0.000000 1.000000 0.000000
vn 0.000000 1.000000 0.000000
vn 0.000000 1.000000 0.000000
vn 0.000000 1.000000 0.000000
vn 0.000000 1.000000 0.000000
vn 0.000000 1.000000 0.000000
vn 0.000000 1.000000 0.000000
vn 0.000000 1.000000 0.000000
vn 0.000000 1.000000 0.000000
vn 0.000000 1.000000 0.000000
vn 0.000000 1.000000 0.000000
vn 0.000000 1.000000 0.000000
vn 0.000000 1.000000 0.000000
vn 0.000000 1.000000 0.000000
vn 0.000000 1.000000 0.000000
vn 0.000000 1.000000 0.000000
vn 0.000000 1.000000 0.000000
vn 0.000000 1.000000 0.000000
vn 0.000000 1.000000 0.000000
vn 0.036277 -0.992807 0.114094
vn 0.036277 -0.992807 0.114094
vn 0.036277 -0.992807 0.114094
vn 0.036277 -0.992808 0.114094
vn 0.116363 -0.992879 0.025501
vn 0.116363 -0.992879 0.025501
vn 0.116363 -0.992879 0.025501
vn 0.116363 -0.992879 0.025501
vn 0.116616 -0.992881 0.024241
vn 0.116616 -0.992881 0.024241
vn 0.116616 -0.992881 0.024241
vn 0.116616 -0.992881 0.024241
vn 0.078049 -0.993105 -0.087468
vn 0.078049 -0.993105 -0.087468
vn 0.078049 -0.993105 -0.087468
vn 0.078049 -0.993105 -0.087468
vn -0.000000 -1.000000 0.000000
vn -0.000000 -1.000000 0.000000
vn -0.000000 -1.000000 0.000000
vn -0.000000 -1.000000 0.000000
vn -0.000000 -1.000000 0.000000
vn -0.000000 -1.000000 0.000000
vn -0.000000 -1.000000 0.000000
vn -0.000000 -1.000000 0.000000
vn 0.000000 1.000000 0.000000
vn 0.000000 1.000000 0.000000
vn 0.000000 1.000000 0.000000
vn 0.000000 1.000000 0.000000
vn 0.000000 1.000000 0.000000
vn 0.000000 1.000000 0.000000
vn 0.000000 1.000000 0.000000
vn 0.000000 1.000000 0.000000
vn 0.000000 1.000000 0.000000
vn 0.000000 1.000000 0.000000
vn 0.000000 1.000000 0.000000
vn 0.000000 1.000000 0.000000
vn -0.203386 0.226277 0.952593
vn -0.203386 0.226277 0.952593
vn -0.203386 0.226277 0.952593
vn -0.203386 0.226277 0.952593
vn 0.732328 0.165308 0.660583
vn 0.732328 0.165308 0.660583
vn 0.732328 0.165308 0.660583
vn 0.732328 0.165308 0.660583
vn 0.946341 0.102378 -0.306524
vn 0.946341 0.102378 -0.306524
vn 0.946341 0.102378 -0.306524
vn 0.946341 0.102378 -0.306524
vn 0.207704 0.102379 -0.972820
vn 0.207704 0.102379 -0.972819
vn 0.207704 0.102379 -0.972819
vn 0.207704 0.102379 -0.972819
vn -0.732326 0.165305 -0.660586
vn -0.732326 0.165305 -0.660586
vn -0.732326 0.165305 -0.660586
vn -0.732326 0.165305 -0.660586
vn -0.926659 0.226281 0.300167
vn -0.926659 0.226281 0.300167
vn -0.926659 0.226281 0.300167
vn -0.926659 0.226281 0.300167
vn -0.205701 0.171322 0.963502
vn -0.205701 0.171322 0.963502
vn -0.205701 0.171322 0.963502
vn -0.205701 0.171322 0.963502
vn 0.732327 0.165306 0.660584
vn 0.732327 0.165306 0.660584
vn 0.732327 0.165306 0.660584
vn 0.732327 0.165306 0.660584
vn 0.939199 0.159272 -0.304201
vn 0.939199 0.159272 -0.304201
vn 0.939199 0.159272 -0.304201
vn 0.939199 0.159272 -0.304201
vn 0.206136 0.159271 -0.965474
vn 0.206136 0.159271 -0.965474
vn 0.206136 0.159271 -0.965474
vn 0.206136 0.159271 -0.965474
vn -0.732341 0.165306 -0.660569
vn -0.732341 0.165306 -0.660569
vn -0.732341 0.165306 -0.660569
vn -0.732341 0.165306 -0.660569
vn -0.937272 0.171321 0.303597
vn -0.937272 0.171321 0.303597
vn -0.937272 0.171321 0.303597
vn -0.937272 0.171321 0.303597
vn -0.204414 0.204021 0.957387
vn -0.204414 0.204021 0.957387
vn -0.204414 0.204021 0.957387
vn -0.204414 0.204021 0.957387
vn -0.931327 0.204026 0.301666
vn -0.931328 0.204026 0.301666
vn -0.931328 0.204026 0.301666
vn -0.931327 0.204026 0.301666
vn -0.742537 0.000001 -0.669805
vn -0.742537 0.000001 -0.669805
vn -0.742537 0.000001 -0.669805
vn -0.742537 0.000001 -0.669805
vn 0.204403 -0.204029 -0.957388
vn 0.204403 -0.204029 -0.957388
vn 0.204403 -0.204029 -0.957388
vn 0.204403 -0.204029 -0.957388
vn 0.896586 -0.260277 -0.358314
vn 0.896586 -0.260277 -0.358314
vn 0.896586 -0.260277 -0.358314
vn 0.896586 -0.260277 -0.358314
vn 0.686734 -0.044145 0.725567
vn 0.686734 -0.044145 0.725567
vn 0.686734 -0.044145 0.725567
vn 0.686734 -0.044145 0.725567
vn -0.208205 -0.075831 0.975141
vn -0.208205 -0.075831 0.975141
vn -0.208205 -0.075831 0.975141
vn -0.208205 -0.075831 0.975141
vn -0.948598 -0.075833 0.307265
vn -0.948598 -0.075833 0.307265
vn -0.948598 -0.075833 0.307265
vn -0.948598 -0.075833 0.307265
vn -0.742537 -0.000003 -0.669805
vn -0.742537 -0.000003 -0.669805
vn -0.742537 -0.000003 -0.669805
vn -0.742537 -0.000003 -0.669805
vn 0.208201 0.075825 -0.975143
vn 0.208201 0.075825 -0.975143
vn 0.208201 0.075825 -0.975143
vn 0.208201 0.075825 -0.975143
vn 0.948597 0.075827 -0.307268
vn 0.948597 0.075827 -0.307268
vn 0.948597 0.075827 -0.307268
vn 0.948597 0.075827 -0.307268
vn 0.742543 0.000007 0.669798
vn 0.742543 0.000007 0.669798
vn 0.742543 0.000007 0.669798
vn 0.742543 0.000007 0.669798
vn -0.206672 0.142398 0.967992
vn -0.206672 0.142398 0.967992
vn -0.206672 0.142398 0.967992
vn -0.206672 0.142398 0.967992
vn -0.941641 0.142404 0.305013
vn -0.941641 0.142404 0.305013
vn -0.941641 0.142404 0.305013
vn -0.941641 0.142404 0.305013
vn -0.742537 0.000013 -0.669805
vn -0.742537 0.000013 -0.669805
vn -0.742537 0.000013 -0.669805
vn -0.742537 0.000013 -0.669805
vn 0.206680 -0.142392 -0.967992
vn 0.206680 -0.142392 -0.967992
vn 0.206680 -0.142392 -0.967992
vn 0.206680 -0.142392 -0.967992
vn 0.941641 -0.142388 -0.305021
vn 0.941641 -0.142388 -0.305021
vn 0.941641 -0.142388 -0.305021
vn 0.941641 -0.142388 -0.305021
vn 0.742537 -0.000002 0.669805
vn 0.742537 -0.000002 0.669805
vn 0.742537 -0.000002 0.669805
vn 0.742537 -0.000002 0.669805
vn -0.208775 0.014819 0.977852
vn -0.208775 0.014819 0.977851
vn -0.208775 0.014819 0.977852
vn -0.208775 0.014819 0.977851
vn -0.951231 0.014819 0.308123
vn -0.951231 0.014819 0.308123
vn -0.951231 0.014819 0.308123
vn -0.951231 0.014819 0.308123
vn -0.742539 -0.000001 -0.669803
vn -0.742539 -0.000001 -0.669803
vn -0.742539 -0.000001 -0.669803
vn -0.742539 -0.000001 -0.669803
vn 0.208777 -0.014820 -0.977851
vn 0.208777 -0.014820 -0.977851
vn 0.208777 -0.014820 -0.977851
vn 0.208777 -0.014820 -0.977851
vn 0.951231 -0.014820 -0.308124
vn 0.951231 -0.014820 -0.308124
vn 0.951231 -0.014820 -0.308124
vn 0.951231 -0.014820 -0.308124
vn 0.742539 -0.000001 0.669803
vn 0.742539 -0.000001 0.669803
vn 0.742539 -0.000001 0.669803
vn 0.742539 -0.000001 0.669803
vn -0.208660 0.036155 0.977320
vn -0.208660 0.036155 0.977320
vn -0.208660 0.036155 0.977320
vn -0.208660 0.036155 0.977320
vn -0.950714 0.036155 0.307953
vn -0.950714 0.036155 0.307953
vn -0.950714 0.036155 0.307953
vn -0.950714 0.036155 0.307953
vn -0.742538 -0.000000 -0.669804
vn -0.742538 -0.000000 -0.669804
vn -0.742538 -0.000000 -0.669804
vn -0.742538 -0.000000 -0.669804
vn 0.208663 -0.036155 -0.977319
vn 0.208663 -0.036155 -0.977319
vn 0.208663 -0.036155 -0.977319
vn 0.208663 -0.036155 -0.977319
vn 0.950713 -0.036155 -0.307959
vn 0.950713 -0.036155 -0.307959
vn 0.950713 -0.036155 -0.307959
vn 0.950713 -0.036155 -0.307959
vn 0.742539 0.000000 0.669803
vn 0.742539 0.000000 0.669803
vn 0.742539 0.000000 0.669803
vn 0.742539 0.000000 0.669803
vn -0.208714 -0.028250 0.977569
vn -0.208714 -0.028250 0.977569
vn -0.208714 -0.028250 0.977569
vn -0.208714 -0.028250 0.977569
vn -0.950956 -0.028250 0.308035
vn -0.950955 -0.028250 0.308035
vn -0.950956 -0.028250 0.308035
vn -0.950955 -0.028250 0.308035
vn -0.742539 -0.000000 -0.669803
vn -0.742539 -0.000000 -0.669803
vn -0.742539 -0.000000 -0.669803
vn -0.742539 -0.000000 -0.669803
vn 0.208717 0.028250 -0.977568
vn 0.208717 0.028250 -0.977568
vn 0.208717 0.028250 -0.977568
vn 0.208717 0.028250 -0.977568
vn 0.950956 0.028251 -0.308034
vn 0.950956 0.028251 -0.308034
vn 0.950956 0.028251 -0.308034
vn 0.950956 0.028251 -0.308034
vn 0.742540 0.000000 0.669801
vn 0.742540 0.000000 0.669801
vn 0.742540 0.000000 0.669801
vn 0.742540 0.000000 0.669801
vn 0.207146 0.172608 -0.962963
vn 0.207146 0.172608 -0.962963
vn 0.207146 0.172608 -0.962963
vn 0.207146 0.172608 -0.962963
vn -0.714884 0.265553 -0.646856
vn -0.714884 0.265553 -0.646856
vn -0.714884 0.265553 -0.646856
vn -0.714884 0.265553 -0.646856
vn -0.891017 0.351655 0.287103
vn -0.891017 0.351655 0.287103
vn -0.891017 0.351655 0.287103
vn -0.891017 0.351655 0.287103
vn -0.196873 0.351654 0.915194
vn -0.196873 0.351654 0.915194
vn -0.196873 0.351654 0.915194
vn -0.196873 0.351654 0.915194
vn 0.714883 0.265553 0.646857
vn 0.714883 0.265553 0.646857
vn 0.714883 0.265553 0.646857
vn 0.714883 0.265553 0.646857
vn 0.937524 0.172610 -0.302085
vn 0.937524 0.172610 -0.302085
vn 0.937524 0.172610 -0.302085
vn 0.937524 0.172610 -0.302085
vn 0.232537 -0.461854 -0.855931
vn 0.232537 -0.461854 -0.855931
vn 0.232537 -0.461854 -0.855931
vn 0.232537 -0.461854 -0.855931
vn 0.794950 -0.549950 -0.256144
vn 0.794950 -0.549950 -0.256144
vn 0.794950 -0.549950 -0.256144
vn 0.794950 -0.549950 -0.256144
vn 0.613422 -0.561810 0.555052
vn 0.613422 -0.561810 0.555052
vn 0.613422 -0.561810 0.555052
vn 0.613422 -0.561810 0.555052
vn -0.131381 -0.478151 0.868395
vn -0.131381 -0.478151 0.868395
vn -0.131381 -0.478151 0.868395
vn -0.131381 -0.478151 0.868395
vn -0.893222 -0.345424 0.287814
vn -0.893222 -0.345424 0.287814
vn -0.893222 -0.345424 0.287814
vn -0.893222 -0.345424 0.287814
vn -0.695864 -0.345429 -0.629645
vn -0.695864 -0.345429 -0.629645
vn -0.695864 -0.345429 -0.629645
vn -0.695864 -0.345429 -0.629645
vn 0.000000 1.000000 0.000000
vn 0.000000 1.000000 0.000000
vn 0.000000 1.000000 0.000000
vn 0.000000 1.000000 0.000000
vn 0.000000 1.000000 0.000000
vn 0.000000 1.000000 0.000000
vn 0.000000 1.000000 0.000000
vn 0.000000 1.000000 0.000000
vn 0.000000 1.000000 0.000000
vn 0.000000 1.000000 0.000000
vn 0.000000 1.000000 0.000000
vn 0.000000 1.000000 0.000000
vn 0.000000 1.000000 0.000000
vn 0.000000 1.000000 0.000000
vn 0.000000 1.000000 0.000000
vn 0.000000 1.000000 0.000000
vn 0.000000 1.000000 0.000000
vn 0.000000 1.000000 0.000000
vn 0.000000 1.000000 0.000000
vn 0.000000 1.000000 0.000000
vn 0.000000 1.000000 0.000000
vn 0.000000 1.000000 0.000000
vn 0.000000 1.000000 0.000000
vn 0.000000 1.000000 0.000000
vn -0.036103 -0.992808 -0.114148
vn -0.036103 -0.992808 -0.114148
vn -0.036103 -0.992808 -0.114148
vn -0.036103 -0.992808 -0.114148
vn -0.116323 -0.992879 -0.025680
vn -0.116323 -0.992879 -0.025680
vn -0.116323 -0.992879 -0.025680
vn -0.116323 -0.992879 -0.025680
vn -0.116578 -0.992881 -0.024421
vn -0.116578 -0.992881 -0.024421
vn -0.116578 -0.992881 -0.024421
vn -0.116578 -0.992881 -0.024421
vn -0.078183 -0.993105 0.087347
vn -0.078183 -0.993105 0.087347
vn -0.078183 -0.993105 0.087347
vn -0.078183 -0.993105 0.087347
vn -0.000000 -1.000000 0.000000
vn -0.000000 -1.000000 0.000000
vn -0.000000 -1.000000 0.000000
vn -0.000000 -1.000000 0.000000
vn -0.000000 -1.000000 0.000000
vn -0.000000 -1.000000 0.000000
vn -0.000000 -1.000000 0.000000
vn -0.000000 -1.000000 0.000000
vn 0.000000 1.000000 0.000000
vn 0.000000 1.000000 0.000000
vn 0.000000 1.000000 0.000000
vn 0.000000 1.000000 0.000000
vn 0.000000 1.000000 0.000000
vn 0.000000 1.000000 0.000000
vn 0.000000 1.000000 0.000000
vn 0.000000 1.000000 0.000000
vn 0.000000 1.000000 0.000000
vn 0.000000 1.000000 0.000000
vn 0.000000 1.000000 0.000000
vn 0.000000 1.000000 0.000000
vn 0.204849 0.226279 -0.952279
vn 0.204848 0.226279 -0.952279
vn 0.204848 0.226279 -0.952279
vn 0.204849 0.226279 -0.952279
vn -0.731306 0.165307 -0.661714
vn -0.731306 0.165307 -0.661714
vn -0.731306 0.165307 -0.661714
vn -0.731306 0.165307 -0.661714
vn -0.946809 0.102379 0.305076
vn -0.946809 0.102379 0.305076
vn -0.946809 0.102379 0.305076
vn -0.946809 0.102379 0.305076
vn -0.209213 0.102377 0.972496
vn -0.209213 0.102377 0.972496
vn -0.209213 0.102377 0.972496
vn -0.209213 0.102377 0.972496
vn 0.731307 0.165300 0.661715
vn 0.731307 0.165300 0.661715
vn 0.731307 0.165300 0.661715
vn 0.731307 0.165300 0.661715
vn 0.927124 0.226276 -0.298732
vn 0.927124 0.226276 -0.298732
vn 0.927124 0.226276 -0.298732
vn 0.927124 0.226276 -0.298732
vn 0.207214 0.171321 -0.963178
vn 0.207214 0.171321 -0.963178
vn 0.207214 0.171321 -0.963178
vn 0.207214 0.171321 -0.963178
vn -0.731307 0.165305 -0.661713
vn -0.731307 0.165305 -0.661713
vn -0.731307 0.165305 -0.661713
vn -0.731307 0.165305 -0.661713
vn -0.939663 0.159271 0.302766
vn -0.939663 0.159271 0.302766
vn -0.939663 0.159271 0.302766
vn -0.939663 0.159271 0.302766
vn -0.207651 0.159271 0.965150
vn -0.207651 0.159271 0.965150
vn -0.207651 0.159271 0.965150
vn -0.207651 0.159271 0.965150
vn 0.731306 0.165308 0.661713
vn 0.731306 0.165308 0.661713
vn 0.731306 0.165308 0.661713
vn 0.731306 0.165308 0.661713
vn 0.937733 0.171322 -0.302168
vn 0.937733 0.171322 -0.302168
vn 0.937733 0.171322 -0.302168
vn 0.937733 0.171322 -0.302168
vn 0.205877 0.204028 -0.957072
vn 0.205877 0.204028 -0.957072
vn 0.205877 0.204028 -0.957072
vn 0.205877 0.204028 -0.957072
vn 0.931789 0.204023 -0.300238
vn 0.931789 0.204023 -0.300238
vn 0.931789 0.204023 -0.300238
vn 0.931789 0.204023 -0.300238
vn 0.741507 -0.000006 0.670946
vn 0.741507 -0.000006 0.670946
vn 0.741507 -0.000006 0.670946
vn 0.741507 -0.000006 0.670946
vn -0.205889 -0.204029 0.957069
vn -0.205889 -0.204029 0.957069
vn -0.205889 -0.204029 0.957070
vn -0.205889 -0.204029 0.957069
vn -0.897134 -0.260275 0.356942
vn -0.897134 -0.260275 0.356942
vn -0.897134 -0.260275 0.356942
vn -0.897134 -0.260275 0.356942
vn -0.685609 -0.044131 -0.726631
vn -0.685609 -0.044131 -0.726631
vn -0.685609 -0.044131 -0.726631
vn -0.685609 -0.044131 -0.726631
vn 0.209695 -0.075826 -0.974822
vn 0.209695 -0.075826 -0.974822
vn 0.209695 -0.075826 -0.974822
vn 0.209695 -0.075826 -0.974822
vn 0.949071 -0.075825 -0.305803
vn 0.949071 -0.075825 -0.305804
vn 0.949071 -0.075825 -0.305803
vn 0.949071 -0.075825 -0.305804
vn 0.741508 0.000003 0.670944
vn 0.741508 0.000003 0.670944
vn 0.741508 0.000003 0.670944
vn 0.741508 0.000003 0.670944
vn -0.209715 0.075833 0.974818
vn -0.209715 0.075833 0.974818
vn -0.209715 0.075833 0.974818
vn -0.209715 0.075833 0.974818
vn -0.949066 0.075829 0.305817
vn -0.949066 0.075829 0.305817
vn -0.949066 0.075829 0.305817
vn -0.949066 0.075829 0.305817
vn -0.741508 -0.000003 -0.670944
vn -0.741508 -0.000003 -0.670944
vn -0.741508 -0.000003 -0.670944
vn -0.741508 -0.000003 -0.670944
vn 0.208158 0.142397 -0.967674
vn 0.208158 0.142397 -0.967674
vn 0.208158 0.142397 -0.967674
vn 0.208158 0.142397 -0.967674
vn 0.942111 0.142393 -0.303564
vn 0.942111 0.142393 -0.303564
vn 0.942111 0.142393 -0.303564
vn 0.942111 0.142393 -0.303564
vn 0.741508 -0.000004 0.670944
vn 0.741508 -0.000004 0.670944
vn 0.741508 -0.000004 0.670944
vn 0.741508 -0.000004 0.670944
vn -0.208170 -0.142399 0.967671
vn -0.208170 -0.142399 0.967671
vn -0.208170 -0.142399 0.967671
vn -0.208170 -0.142399 0.967671
vn -0.942108 -0.142396 0.303570
vn -0.942108 -0.142396 0.303570
vn -0.942108 -0.142396 0.303570
vn -0.942109 -0.142396 0.303570
vn -0.741508 0.000004 -0.670944
vn -0.741508 0.000004 -0.670944
vn -0.741508 0.000004 -0.670944
vn -0.741508 0.000004 -0.670944
vn 0.210279 0.014820 -0.977529
vn 0.210279 0.014820 -0.977529
vn 0.210279 0.014820 -0.977529
vn 0.210279 0.014820 -0.977529
vn 0.951704 0.014820 -0.306658
vn 0.951704 0.014820 -0.306658
vn 0.951704 0.014820 -0.306658
vn 0.951704 0.014820 -0.306658
vn 0.741507 0.000000 0.670946
vn 0.741507 0.000000 0.670946
vn 0.741507 0.000000 0.670946
vn 0.741507 0.000000 0.670946
vn -0.210277 -0.014820 0.977530
vn -0.210277 -0.014820 0.977530
vn -0.210277 -0.014820 0.977530
vn -0.210277 -0.014820 0.977530
vn -0.951707 -0.014820 0.306650
vn -0.951707 -0.014820 0.306650
vn -0.951707 -0.014820 0.306650
vn -0.951707 -0.014820 0.306650
vn -0.741507 -0.000000 -0.670946
vn -0.741507 -0.000000 -0.670946
vn -0.741507 -0.000000 -0.670946
vn -0.741507 -0.000000 -0.670946
vn 0.210158 0.036155 -0.976999
vn 0.210158 0.036155 -0.976999
vn 0.210158 0.036155 -0.976999
vn 0.210158 0.036155 -0.976999
vn 0.951188 0.036155 -0.306487
vn 0.951188 0.036155 -0.306487
vn 0.951188 0.036155 -0.306487
vn 0.951188 0.036155 -0.306487
vn 0.741509 0.000000 0.670942
vn 0.741509 0.000000 0.670942
vn 0.741509 0.000000 0.670942
vn 0.741509 0.000000 0.670942
vn -0.210175 -0.036155 0.976995
vn -0.210175 -0.036155 0.976995
vn -0.210175 -0.036155 0.976995
vn -0.210175 -0.036155 0.976995
vn -0.951187 -0.036155 0.306489
vn -0.951187 -0.036155 0.306489
vn -0.951187 -0.036155 0.306489
vn -0.951187 -0.036155 0.306489
vn -0.741509 -0.000000 -0.670942
vn -0.741509 -0.000000 -0.670942
vn -0.741509 -0.000000 -0.670942
vn -0.741509 -0.000000 -0.670942
vn 0.210066 -0.046644 -0.976574
vn 0.210066 -0.046644 -0.976574
vn 0.210066 -0.046644 -0.976574
vn 0.210066 -0.046644 -0.976574
vn 0.950774 -0.046644 -0.306354
vn 0.950774 -0.046644 -0.306354
vn 0.950774 -0.046644 -0.306354
vn 0.950774 -0.046644 -0.306354
vn 0.741507 0.000001 0.670946
vn 0.741507 0.000001 0.670946
vn 0.741507 0.000001 0.670946
vn 0.741507 0.000001 0.670946
vn -0.210077 0.046644 0.976572
vn -0.210077 0.046644 0.976572
vn -0.210077 0.046644 0.976572
vn -0.210077 0.046644 0.976572
vn -0.950775 0.046644 0.306352
vn -0.950775 0.046644 0.306352
vn -0.950775 0.046644 0.306352
vn -0.950775 0.046644 0.306352
vn -0.741507 -0.000001 -0.670946
vn -0.741507 -0.000001 -0.670946
vn -0.741507 -0.000001 -0.670946
vn -0.741507 -0.000001 -0.670946
vn -0.853027 0.172610 0.492496
vn -0.853026 0.172610 0.492496
vn -0.853027 0.172610 0.492496
vn -0.853026 0.172610 0.492496
vn -0.000004 0.265556 0.964095
vn -0.000004 0.265556 0.964096
vn -0.000004 0.265556 0.964095
vn -0.000004 0.265556 0.964096
vn 0.810713 0.351653 0.468065
vn 0.810713 0.351653 0.468065
vn 0.810713 0.351653 0.468065
vn 0.810713 0.351653 0.468065
vn 0.810710 0.351654 -0.468069
vn 0.810710 0.351654 -0.468069
vn 0.810710 0.351654 -0.468069
vn 0.810710 0.351654 -0.468069
vn 0.000000 0.265553 -0.964096
vn 0.000000 0.265553 -0.964096
vn 0.000000 0.265553 -0.964096
vn 0.000000 0.265553 -0.964096
vn -0.853028 0.172609 -0.492493
vn -0.853028 0.172609 -0.492493
vn -0.853028 0.172609 -0.492493
vn -0.853028 0.172609 -0.492493
vn -0.790701 -0.461853 0.401851
vn -0.790701 -0.461853 0.401851
vn -0.790701 -0.461853 0.401851
vn -0.790701 -0.461853 0.401851
vn -0.723303 -0.549950 -0.417598
vn -0.723303 -0.549950 -0.417598
vn -0.723303 -0.549950 -0.417598
vn -0.723303 -0.549950 -0.417598
vn -0.000000 -0.561815 -0.827263
vn -0.000000 -0.561815 -0.827263
vn -0.000000 -0.561815 -0.827263
vn -0.000000 -0.561815 -0.827263
vn 0.732070 -0.478150 -0.485228
vn 0.732070 -0.478150 -0.485228
vn 0.732070 -0.478150 -0.485228
vn 0.732070 -0.478150 -0.485228
vn 0.812721 -0.345418 0.469224
vn 0.812721 -0.345418 0.469223
vn 0.812721 -0.345418 0.469223
vn 0.812721 -0.345418 0.469224
vn -0.000002 -0.345428 0.938445
vn -0.000002 -0.345428 0.938445
vn -0.000002 -0.345428 0.938445
vn -0.000002 -0.345428 0.938445
vn 0.000000 1.000000 0.000000
vn 0.000000 1.000000 0.000000
vn 0.000000 1.000000 0.000000
vn 0.000000 1.000000 0.000000
vn 0.000000 1.000000 0.000000
vn 0.000000 1.000000 0.000000
vn 0.000000 1.000000 0.000000
vn 0.000000 1.000000 0.000000
vn 0.000000 1.000000 0.000000
vn 0.000000 1.000000 0.000000
vn 0.000000 1.000000 0.000000
vn 0.000000 1.000000 0.000000
vn 0.000000 1.000000 0.000000
vn 0.000000 1.000000 0.000000
vn 0.000000 1.000000 0.000000
vn 0.000000 1.000000 0.000000
vn 0.000000 1.000000 0.000000
vn 0.000000 1.000000 0.000000
vn 0.000000 1.000000 0.000000
vn 0.000000 1.000000 0.000000
vn 0.000000 1.000000 0.000000
vn 0.000000 1.000000 0.000000
vn 0.000000 1.000000 0.000000
vn 0.000000 1.000000 0.000000
vn -0.060419 -0.992808 0.103358
vn -0.060419 -0.992808 0.103358
vn -0.060419 -0.992807 0.103358
vn -0.060419 -0.992807 0.103358
vn 0.059005 -0.992879 0.103484
vn 0.059005 -0.992879 0.103484
vn 0.059005 -0.992879 0.103484
vn 0.059005 -0.992879 0.103484
vn 0.060110 -0.992881 0.102828
vn 0.060110 -0.992881 0.102828
vn 0.060110 -0.992881 0.102828
vn 0.060110 -0.992881 0.102828
vn 0.117225 -0.993105 -0.000633
vn 0.117225 -0.993105 -0.000633
vn 0.117225 -0.993105 -0.000633
vn 0.117225 -0.993105 -0.000633
vn -0.000000 -1.000000 0.000000
vn -0.000000 -1.000000 0.000000
vn -0.000000 -1.000000 0.000000
vn -0.000000 -1.000000 0.000000
vn -0.000000 -1.000000 0.000000
vn -0.000000 -1.000000 0.000000
vn -0.000000 -1.000000 0.000000
vn -0.000000 -1.000000 0.000000
vn 0.000000 1.000000 0.000000
vn 0.000000 1.000000 0.000000
vn 0.000000 1.000000 0.000000
vn 0.000000 1.000000 0.000000
vn 0.000000 1.000000 0.000000
vn 0.000000 1.000000 0.000000
vn 0.000000 1.000000 0.000000
vn 0.000000 1.000000 0.000000
vn 0.000000 1.000000 0.000000
vn 0.000000 1.000000 0.000000
vn 0.000000 1.000000 0.000000
vn 0.000000 1.000000 0.000000
vn -0.843561 0.226279 0.487035
vn -0.843561 0.226279 0.487035
vn -0.843561 0.226279 0.487035
vn -0.843561 0.226279 0.487035
vn -0.000008 0.165307 0.986242
vn -0.000008 0.165307 0.986242
vn -0.000008 0.165307 0.986242
vn -0.000008 0.165307 0.986242
vn 0.861475 0.102380 0.497373
vn 0.861475 0.102380 0.497373
vn 0.861475 0.102380 0.497373
vn 0.861475 0.102380 0.497373
vn 0.861475 0.102381 -0.497372
vn 0.861475 0.102381 -0.497372
vn 0.861475 0.102381 -0.497372
vn 0.861475 0.102381 -0.497372
vn 0.000008 0.165306 -0.986242
vn 0.000008 0.165306 -0.986242
vn 0.000008 0.165306 -0.986242
vn 0.000008 0.165306 -0.986242
vn -0.843565 0.226279 -0.487028
vn -0.843565 0.226279 -0.487028
vn -0.843565 0.226279 -0.487028
vn -0.843565 0.226279 -0.487028
vn -0.853220 0.171320 0.492611
vn -0.853220 0.171320 0.492611
vn -0.853220 0.171320 0.492611
vn -0.853220 0.171320 0.492611
vn 0.000000 0.165302 0.986243
vn 0.000000 0.165302 0.986243
vn 0.000000 0.165302 0.986243
vn 0.000000 0.165302 0.986243
vn 0.854959 0.159270 0.493638
vn 0.854959 0.159270 0.493638
vn 0.854959 0.159270 0.493638
vn 0.854959 0.159270 0.493638
vn 0.854974 0.159271 -0.493612
vn 0.854974 0.159271 -0.493612
vn 0.854974 0.159271 -0.493612
vn 0.854974 0.159271 -0.493612
vn 0.000020 0.165307 -0.986242
vn 0.000020 0.165307 -0.986242
vn 0.000020 0.165307 -0.986242
vn 0.000020 0.165307 -0.986242
vn -0.853220 0.171322 -0.492611
vn -0.853220 0.171322 -0.492611
vn -0.853220 0.171322 -0.492611
vn -0.853220 0.171322 -0.492611
vn -0.847810 0.204019 0.489484
vn -0.847810 0.204019 0.489484
vn -0.847810 0.204019 0.489484
vn -0.847810 0.204019 0.489484
vn -0.847805 0.204028 -0.489489
vn -0.847805 0.204028 -0.489489
vn -0.847805 0.204028 -0.489489
vn -0.847805 0.204028 -0.489489
vn -0.000006 0.000006 -1.000000
vn -0.000006 0.000006 -1.000000
vn -0.000006 0.000006 -1.000000
vn -0.000006 0.000006 -1.000000
vn 0.847812 -0.204027 -0.489477
vn 0.847812 -0.204027 -0.489477
vn 0.847812 -0.204027 -0.489477
vn 0.847812 -0.204027 -0.489477
vn 0.866600 -0.260275 0.425749
vn 0.866600 -0.260275 0.425749
vn 0.866600 -0.260275 0.425749
vn 0.866600 -0.260275 0.425749
vn -0.078798 -0.044139 0.995913
vn -0.078798 -0.044139 0.995913
vn -0.078798 -0.044139 0.995913
vn -0.078798 -0.044139 0.995913
vn -0.863532 -0.075826 0.498561
vn -0.863532 -0.075826 0.498561
vn -0.863532 -0.075826 0.498561
vn -0.863532 -0.075826 0.498561
vn -0.863531 -0.075831 -0.498561
vn -0.863531 -0.075831 -0.498561
vn -0.863531 -0.075831 -0.498561
vn -0.863531 -0.075831 -0.498561
vn 0.000006 0.000006 -1.000000
vn 0.000006 0.000006 -1.000000
vn 0.000006 0.000006 -1.000000
vn 0.000006 0.000006 -1.000000
vn 0.863535 0.075833 -0.498554
vn 0.863535 0.075833 -0.498554
vn 0.863535 0.075833 -0.498554
vn 0.863535 0.075833 -0.498554
vn 0.863529 0.075830 0.498566
vn 0.863529 0.075830 0.498566
vn 0.863529 0.075830 0.498566
vn 0.863529 0.075830 0.498566
vn 0.000000 0.000000 1.000000
vn 0.000000 0.000000 1.000000
vn 0.000000 0.000000 1.000000
vn 0.000000 0.000000 1.000000
vn -0.857199 0.142392 0.494909
vn -0.857199 0.142392 0.494909
vn -0.857199 0.142392 0.494909
vn -0.857199 0.142392 0.494909
vn -0.857202 0.142392 -0.494903
vn -0.857202 0.142392 -0.494903
vn -0.857202 0.142392 -0.494903
vn -0.857202 0.142392 -0.494903
vn 0.000000 0.000000 -1.000000
vn 0.000000 0.000000 -1.000000
vn 0.000000 0.000000 -1.000000
vn 0.000000 0.000000 -1.000000
vn 0.857204 -0.142392 -0.494899
vn 0.857204 -0.142392 -0.494899
vn 0.857204 -0.142392 -0.494899
vn 0.857204 -0.142392 -0.494899
vn 0.857198 -0.142398 0.494908
vn 0.857198 -0.142398 0.494908
vn 0.857198 -0.142398 0.494908
vn 0.857198 -0.142398 0.494908
vn 0.000000 0.000000 1.000000
vn 0.000000 0.000000 1.000000
vn 0.000000 0.000000 1.000000
vn 0.000000 0.000000 1.000000
vn -0.865931 0.014821 0.499944
vn -0.865931 0.014821 0.499944
vn -0.865931 0.014821 0.499944
vn -0.865931 0.014821 0.499944
vn -0.865931 0.014820 -0.499944
vn -0.865931 0.014820 -0.499944
vn -0.865931 0.014820 -0.499944
vn -0.865931 0.014820 -0.499944
vn -0.000000 -0.000001 -1.000000
vn -0.000000 -0.000001 -1.000000
vn -0.000000 -0.000001 -1.000000
vn -0.000000 -0.000001 -1.000000
vn 0.865932 -0.014822 -0.499942
vn 0.865932 -0.014822 -0.499942
vn 0.865932 -0.014822 -0.499942
vn 0.865932 -0.014822 -0.499942
vn 0.865931 -0.014820 0.499944
vn 0.865931 -0.014820 0.499944
vn 0.865931 -0.014820 0.499944
vn 0.865931 -0.014820 0.499944
vn 0.000000 0.000000 1.000000
vn 0.000000 0.000000 1.000000
vn 0.000000 0.000000 1.000000
vn 0.000000 0.000000 1.000000
vn -0.865456 0.036155 0.499679
vn -0.865456 0.036155 0.499679
vn -0.865456 0.036155 0.499679
vn -0.865456 0.036155 0.499679
vn -0.865464 0.036155 -0.499664
vn -0.865464 0.036155 -0.499664
vn -0.865464 0.036155 -0.499664
vn -0.865464 0.036155 -0.499664
vn 0.000006 -0.000001 -1.000000
vn 0.000006 -0.000001 -1.000000
vn 0.000006 -0.000001 -1.000000
vn 0.000006 -0.000001 -1.000000
vn 0.865458 -0.036155 -0.499674
vn 0.865459 -0.036155 -0.499674
vn 0.865458 -0.036155 -0.499674
vn 0.865459 -0.036155 -0.499674
vn 0.865463 -0.036155 0.499667
vn 0.865463 -0.036155 0.499667
vn 0.865463 -0.036155 0.499667
vn 0.865463 -0.036155 0.499667
vn -0.000006 0.000001 1.000000
vn -0.000006 0.000001 1.000000
vn -0.000006 0.000001 1.000000
vn -0.000006 0.000001 1.000000
vn -0.865680 -0.028251 0.499799
vn -0.865680 -0.028251 0.499799
vn -0.865680 -0.028251 0.499799
vn -0.865680 -0.028251 0.499799
vn -0.865681 -0.028250 -0.499799
vn -0.865681 -0.028250 -0.499799
vn -0.865681 -0.028250 -0.499799
vn -0.865681 -0.028250 -0.499799
vn 0.000006 0.000001 -1.000000
vn 0.000006 0.000001 -1.000000
vn 0.000006 0.000001 -1.000000
vn 0.000006 0.000001 -1.000000
vn 0.865679 0.028251 -0.499802
vn 0.865679 0.028251 -0.499802
vn 0.865679 0.028251 -0.499802
vn 0.865679 0.028251 -0.499802
vn 0.865679 0.028251 0.499802
vn 0.865679 0.028251 0.499802
vn 0.865679 0.028251 0.499802
vn 0.865679 0.028251 0.499802
vn 0.000000 0.000000 1.000000
vn 0.000000 0.000000 1.000000
vn 0.000000 0.000000 1.000000
vn 0.000000 0.000000 1.000000
vn -0.025546 0.999668 0.003472
vn -0.025546 0.999668 0.003472
vn -0.025546 0.999668 0.003472
vn -0.025546 0.999668 0.003472
vn 0.011460 0.092826 -0.995616
vn 0.011460 0.092826 -0.995616
vn 0.011460 0.092826 -0.995616
vn 0.011460 0.092826 -0.995616
vn -0.992326 0.123003 0.012646
vn -0.992326 0.123003 0.012646
vn -0.992326 0.123003 0.012646
vn -0.992326 0.123003 0.012646
vn 0.189819 0.091064 0.977587
vn 0.189819 0.091064 0.977587
vn 0.189819 0.091064 0.977587
vn 0.189819 0.091064 0.977587
vn 0.975216 0.034610 -0.218531
vn 0.975216 0.034610 -0.218531
vn 0.975216 0.034610 -0.218531
vn 0.975216 0.034610 -0.218531
vn -0.017236 0.842876 -0.537832
vn -0.017236 0.842876 -0.537832
vn -0.017236 0.842876 -0.537832
vn -0.017236 0.842876 -0.537832
vn -0.697024 0.717048 0.000001
vn -0.697024 0.717048 0.000001
vn -0.697024 0.717048 0.000001
vn -0.697024 0.717048 0.000001
vn 0.095038 0.841068 0.532515
vn 0.095038 0.841068 0.532515
vn 0.095038 0.841068 0.532515
vn 0.095038 0.841068 0.532515
vn 0.641487 0.754101 -0.140809
vn 0.641487 0.754101 -0.140809
vn 0.641487 0.754101 -0.140809
vn 0.641487 0.754101 -0.140809
vn -0.043922 0.998946 -0.013307
vn -0.043922 0.998946 -0.013307
vn -0.043922 0.998946 -0.013307
vn -0.043922 0.998946 -0.013307
vn 0.167501 0.141382 -0.975682
vn 0.167501 0.141382 -0.975682
vn 0.167501 0.141382 -0.975682
vn 0.167501 0.141382 -0.975682
vn -0.968604 0.194739 -0.154541
vn -0.968604 0.194739 -0.154541
vn -0.968604 0.194739 -0.154541
vn -0.968604 0.194739 -0.154541
vn -0.212692 0.141413 0.966832
vn -0.212692 0.141413 0.966832
vn -0.212692 0.141413 0.966832
vn -0.212692 0.141413 0.966832
vn 0.940462 0.052761 0.335778
vn 0.940463 0.052761 0.335778
vn 0.940462 0.052761 0.335778
vn 0.940462 0.052761 0.335778
vn 0.065310 0.820374 -0.568086
vn 0.065310 0.820374 -0.568086
vn 0.065310 0.820374 -0.568086
vn 0.065310 0.820374 -0.568086
vn -0.714364 0.688840 -0.123223
vn -0.714364 0.688840 -0.123223
vn -0.714364 0.688840 -0.123223
vn -0.714364 0.688840 -0.123223
vn -0.166303 0.818627 0.549722
vn -0.166303 0.818627 0.549722
vn -0.166303 0.818627 0.549722
vn -0.166303 0.818627 0.549722
vn 0.627985 0.731598 0.265329
vn 0.627985 0.731598 0.265329
vn 0.627985 0.731598 0.265329
vn 0.627985 0.731598 0.265329
vn -0.005891 0.999983 0.000000
vn -0.005891 0.999983 0.000000
vn -0.005891 0.999983 0.000000
vn -0.005891 0.999983 0.000000
vn 0.010838 0.083964 -0.996410
vn 0.010838 0.083964 -0.996410
vn 0.010838 0.083964 -0.996410
vn 0.010838 0.083964 -0.996410
vn -0.964939 0.262470 -0.001400
vn -0.964939 0.262470 -0.001400
vn -0.964939 0.262470 -0.001400
vn -0.964939 0.262470 -0.001400
vn 0.036182 0.081977 0.995977
vn 0.036182 0.081977 0.995977
vn 0.036182 0.081977 0.995977
vn 0.036182 0.081977 0.995977
vn 0.968874 0.247556 -0.000262
vn 0.968874 0.247556 -0.000262
vn 0.968874 0.247556 -0.000262
vn 0.968874 0.247556 -0.000262
vn 0.000997 0.820554 -0.571568
vn 0.000997 0.820554 -0.571568
vn 0.000997 0.820554 -0.571568
vn 0.000997 0.820554 -0.571568
vn -0.323913 0.946087 -0.000001
vn -0.323913 0.946087 -0.000001
vn -0.323913 0.946087 -0.000001
vn -0.323913 0.946087 -0.000001
vn 0.015762 0.816628 0.576949
vn 0.015762 0.816628 0.576949
vn 0.015762 0.816628 0.576949
vn 0.015762 0.816628 0.576949
vn 0.288729 0.957411 -0.000001
vn 0.288729 0.957411 -0.000001
vn 0.288729 0.957411 -0.000001
vn 0.288729 0.957411 -0.000001
vn -0.010398 0.999945 0.001432
vn -0.010398 0.999945 0.001432
vn -0.010398 0.999945 0.001432
vn -0.010398 0.999945 0.001432
vn -0.116595 0.178733 -0.976965
vn -0.116595 0.178733 -0.976965
vn -0.116595 0.178733 -0.976965
vn -0.116595 0.178733 -0.976965
vn -0.973189 0.221909 0.060502
vn -0.973189 0.221909 0.060502
vn -0.973189 0.221909 0.060502
vn -0.973189 0.221909 0.060502
vn -0.055089 0.175172 0.982996
vn -0.055089 0.175172 0.982995
vn -0.055089 0.175172 0.982996
vn -0.055089 0.175172 0.982995
vn 0.977802 0.207203 -0.031149
vn 0.977802 0.207203 -0.031149
vn 0.977802 0.207203 -0.031149
vn 0.977802 0.207203 -0.031149
vn -0.042789 0.956471 -0.288673
vn -0.042789 0.956471 -0.288673
vn -0.042789 0.956471 -0.288673
vn -0.042789 0.956471 -0.288673
vn -0.360536 0.932346 0.027294
vn -0.360536 0.932346 0.027294
vn -0.360536 0.932346 0.027294
vn -0.360536 0.932346 0.027294
vn -0.025692 0.955697 0.293229
vn -0.025692 0.955697 0.293229
vn -0.025692 0.955697 0.293229
vn -0.025692 0.955697 0.293229
vn 0.322108 0.946616 -0.012830
vn 0.322108 0.946616 -0.012830
vn 0.322108 0.946616 -0.012830
vn 0.322108 0.946616 -0.012830
vn 0.028040 0.999607 -0.000000
vn 0.028040 0.999607 -0.000000
vn 0.028040 0.999607 -0.000000
vn 0.028040 0.999607 -0.000000
vn -0.016641 0.057234 0.998222
vn -0.016641 0.057234 0.998222
vn -0.016641 0.057234 0.998222
vn -0.016641 0.057234 0.998222
vn 0.996742 0.080660 0.000000
vn 0.996742 0.080660 0.000000
vn 0.996742 0.080660 0.000000
vn 0.996742 0.080660 0.000000
vn -0.016509 0.057234 -0.998224
vn -0.016509 0.057233 -0.998224
vn -0.016509 0.057234 -0.998224
vn -0.016509 0.057233 -0.998224
vn -0.997221 0.074497 -0.000000
vn -0.997221 0.074497 -0.000000
vn -0.997221 0.074497 -0.000000
vn -0.997221 0.074497 -0.000000
vn 0.011521 0.727790 0.685703
vn 0.011521 0.727790 0.685703
vn 0.011521 0.727790 0.685703
vn 0.011521 0.727790 0.685703
vn 0.743688 0.668527 0.000000
vn 0.743688 0.668527 0.000000
vn 0.743688 0.668527 0.000000
vn 0.743688 0.668527 0.000000
vn 0.011611 0.727782 -0.685711
vn 0.011611 0.727782 -0.685711
vn 0.011611 0.727782 -0.685711
vn 0.011611 0.727782 -0.685711
vn -0.675063 0.737760 -0.000001
vn -0.675063 0.737760 -0.000001
vn -0.675063 0.737760 -0.000001
vn -0.675063 0.737760 -0.000001
vn -0.026762 0.999642 0.000000
vn -0.026762 0.999642 0.000000
vn -0.026762 0.999642 0.000000
vn -0.026762 0.999642 0.000000
vn -0.009414 0.073105 -0.997280
vn -0.009414 0.073105 -0.997280
vn -0.009414 0.073105 -0.997280
vn -0.009414 0.073105 -0.997280
vn -0.991016 0.132586 0.017580
vn -0.991016 0.132586 0.017580
vn -0.991016 0.132586 0.017580
vn -0.991016 0.132586 0.017580
vn -0.009963 0.073204 0.997267
vn -0.009963 0.073204 0.997267
vn -0.009963 0.073204 0.997267
vn -0.009963 0.073204 0.997267
vn 0.998381 0.038497 -0.041879
vn 0.998381 0.038497 -0.041879
vn 0.998381 0.038497 -0.041879
vn 0.998381 0.038497 -0.041879
vn -0.024621 0.751039 -0.659799
vn -0.024621 0.751039 -0.659799
vn -0.024621 0.751039 -0.659799
vn -0.024621 0.751039 -0.659799
vn -0.690196 0.723623 0.000000
vn -0.690196 0.723623 0.000000
vn -0.690196 0.723623 0.000000
vn -0.690196 0.723623 0.000000
vn -0.024896 0.751075 0.659747
vn -0.024896 0.751075 0.659747
vn -0.024896 0.751075 0.659747
vn -0.024896 0.751075 0.659747
vn 0.655257 0.755406 -0.000001
vn 0.655257 0.755406 -0.000001
vn 0.655257 0.755406 -0.000001
vn 0.655257 0.755406 -0.000001
vn -0.066945 0.997757 -0.000000
vn -0.066945 0.997757 -0.000000
vn -0.066945 0.997757 -0.000000
vn -0.066945 0.997757 -0.000000
vn -0.024224 0.071975 -0.997112
vn -0.024224 0.071975 -0.997112
vn -0.024224 0.071975 -0.997112
vn -0.024224 0.071975 -0.997112
vn -0.995091 0.098960 -0.000000
vn -0.995091 0.098960 -0.000000
vn -0.995091 0.098960 -0.000000
vn -0.995091 0.098960 -0.000000
vn -0.025290 0.071988 0.997085
vn -0.025290 0.071988 0.997085
vn -0.025290 0.071988 0.997085
vn -0.025290 0.071988 0.997085
vn 0.996257 0.086441 0.000001
vn 0.996257 0.086441 0.000001
vn 0.996257 0.086441 0.000001
vn 0.996257 0.086441 0.000001
vn -0.059261 0.729376 -0.681542
vn -0.059261 0.729376 -0.681542
vn -0.059261 0.729376 -0.681541
vn -0.059261 0.729376 -0.681542
vn -0.737331 0.675532 -0.000000
vn -0.737331 0.675532 -0.000000
vn -0.737331 0.675532 -0.000000
vn -0.737331 0.675532 -0.000000
vn -0.059988 0.729388 0.681465
vn -0.059988 0.729388 0.681465
vn -0.059988 0.729388 0.681465
vn -0.059988 0.729388 0.681465
vn 0.715461 0.698653 0.000000
vn 0.715461 0.698653 0.000000
vn 0.715461 0.698653 0.000000
vn 0.715461 0.698653 0.000000
vn -0.020091 0.999797 -0.001236
vn -0.020091 0.999797 -0.001236
vn -0.020091 0.999797 -0.001236
vn -0.020091 0.999797 -0.001236
vn 0.145787 0.165331 -0.975403
vn 0.145787 0.165331 -0.975403
vn 0.145787 0.165331 -0.975403
vn 0.145787 0.165331 -0.975403
vn -0.877720 0.473333 -0.074582
vn -0.877720 0.473333 -0.074582
vn -0.877720 0.473333 -0.074582
vn -0.877720 0.473333 -0.074582
vn -0.102437 0.161770 0.981497
vn -0.102437 0.161770 0.981497
vn -0.102437 0.161770 0.981497
vn -0.102437 0.161770 0.981497
vn 0.913459 0.397053 0.089112
vn 0.913459 0.397053 0.089112
vn 0.913459 0.397053 0.089112
vn 0.913459 0.397053 0.089112
vn 0.069032 0.831604 -0.551063
vn 0.069032 0.831604 -0.551063
vn 0.069032 0.831604 -0.551063
vn 0.069032 0.831604 -0.551063
vn -0.340995 0.939650 -0.027926
vn -0.340995 0.939650 -0.027926
vn -0.340995 0.939650 -0.027926
vn -0.340995 0.939650 -0.027926
vn -0.074215 0.826202 0.558464
vn -0.074215 0.826202 0.558464
vn -0.074215 0.826202 0.558464
vn -0.074215 0.826202 0.558464
vn 0.296136 0.954675 0.029991
vn 0.296136 0.954675 0.029991
vn 0.296136 0.954675 0.029991
vn 0.296136 0.954675 0.029991
vn -0.017085 0.999854 -0.001031
vn -0.017085 0.999854 -0.001031
vn -0.017085 0.999854 -0.001031
vn -0.017085 0.999854 -0.001031
vn 0.304821 0.220990 -0.926416
vn 0.304821 0.220990 -0.926416
vn 0.304821 0.220990 -0.926416
vn 0.304821 0.220990 -0.926416
vn -0.932642 0.332498 -0.140087
vn -0.932642 0.332498 -0.140087
vn -0.932642 0.332498 -0.140087
vn -0.932642 0.332498 -0.140087
vn -0.174831 0.222061 0.959231
vn -0.174831 0.222061 0.959231
vn -0.174831 0.222061 0.959231
vn -0.174831 0.222060 0.959231
vn 0.956701 0.291036 0.004725
vn 0.956701 0.291036 0.004725
vn 0.956701 0.291036 0.004725
vn 0.956701 0.291036 0.004725
vn 0.108525 0.927204 -0.358490
vn 0.108525 0.927204 -0.358490
vn 0.108525 0.927204 -0.358490
vn 0.108525 0.927204 -0.358490
vn -0.398019 0.915502 -0.058624
vn -0.398019 0.915502 -0.058624
vn -0.398019 0.915502 -0.058624
vn -0.398019 0.915502 -0.058624
vn -0.081234 0.926807 0.366646
vn -0.081234 0.926807 0.366646
vn -0.081234 0.926807 0.366646
vn -0.081234 0.926807 0.366646
vn 0.360604 0.932691 -0.007223
vn 0.360604 0.932691 -0.007223
vn 0.360604 0.932691 -0.007223
vn 0.360604 0.932691 -0.007223
vn 0.054174 0.998532 0.000000
vn 0.054174 0.998532 0.000000
vn 0.054174 0.998532 0.000000
vn 0.054174 0.998532 0.000000
vn 0.006017 0.057201 0.998345
vn 0.006017 0.057201 0.998345
vn 0.006017 0.057201 0.998345
vn 0.006017 0.057201 0.998345
vn 0.996268 0.086314 -0.000000
vn 0.996268 0.086314 -0.000000
vn 0.996268 0.086314 -0.000000
vn 0.996268 0.086314 -0.000000
vn 0.005983 0.057199 -0.998345
vn 0.005983 0.057199 -0.998345
vn 0.005983 0.057199 -0.998345
vn 0.005983 0.057199 -0.998345
vn -0.997035 0.076954 -0.000001
vn -0.997035 0.076954 -0.000001
vn -0.997035 0.076954 -0.000001
vn -0.997035 0.076954 -0.000001
vn 0.043492 0.752931 0.656661
vn 0.043492 0.752931 0.656661
vn 0.043492 0.752931 0.656661
vn 0.043492 0.752931 0.656661
vn 0.696937 0.717132 -0.000000
vn 0.696937 0.717132 -0.000000
vn 0.696937 0.717132 -0.000000
vn 0.696937 0.717132 -0.000000
vn 0.043469 0.752921 -0.656673
vn 0.043469 0.752921 -0.656673
vn 0.043469 0.752921 -0.656673
vn 0.043469 0.752921 -0.656673
vn -0.629793 0.776763 -0.000001
vn -0.629793 0.776763 -0.000001
vn -0.629793 0.776763 -0.000001
vn -0.629793 0.776763 -0.000001
vn -0.032739 0.999464 -0.000000
vn -0.032739 0.999464 -0.000000
vn -0.032739 0.999464 -0.000000
vn -0.032739 0.999464 -0.000000
vn 0.008222 0.077506 -0.996958
vn 0.008222 0.077506 -0.996958
vn 0.008222 0.077506 -0.996958
vn 0.008222 0.077506 -0.996958
vn -0.989817 0.141329 0.016982
vn -0.989817 0.141329 0.016982
vn -0.989817 0.141329 0.016982
vn -0.989817 0.141329 0.016982
vn 0.008593 0.077463 0.996958
vn 0.008593 0.077463 0.996958
vn 0.008593 0.077463 0.996958
vn 0.008593 0.077463 0.996958
vn 0.998283 0.040071 -0.042724
vn 0.998283 0.040071 -0.042724
vn 0.998283 0.040071 -0.042724
vn 0.998283 0.040071 -0.042724
vn -0.019437 0.722458 -0.691142
vn -0.019437 0.722458 -0.691142
vn -0.019437 0.722458 -0.691142
vn -0.019437 0.722458 -0.691142
vn -0.738912 0.673802 -0.000001
vn -0.738912 0.673802 -0.000001
vn -0.738912 0.673802 -0.000001
vn -0.738912 0.673802 -0.000001
vn -0.019123 0.722504 0.691102
vn -0.019123 0.722504 0.691102
vn -0.019123 0.722504 0.691102
vn -0.019123 0.722504 0.691102
vn 0.669264 0.743025 0.000000
vn 0.669264 0.743025 0.000000
vn 0.669264 0.743025 0.000000
vn 0.669264 0.743025 0.000000
vn -0.030707 0.999528 0.000000
vn -0.030707 0.999528 0.000000
vn -0.030707 0.999528 0.000000
vn -0.030707 0.999528 0.000000
vn -0.004627 0.169706 -0.985484
vn -0.004627 0.169706 -0.985484
vn -0.004627 0.169706 -0.985484
vn -0.004627 0.169706 -0.985484
vn -0.965193 0.261538 -0.000000
vn -0.965193 0.261538 -0.000000
vn -0.965193 0.261538 -0.000000
vn -0.965193 0.261538 -0.000000
vn -0.004724 0.169736 0.985478
vn -0.004724 0.169736 0.985478
vn -0.004724 0.169736 0.985478
vn -0.004724 0.169736 0.985478
vn 0.975540 0.219820 0.000001
vn 0.975540 0.219820 0.000001
vn 0.975540 0.219820 0.000001
vn 0.975540 0.219820 0.000001
vn -0.024520 0.733623 -0.679114
vn -0.024520 0.733623 -0.679114
vn -0.024520 0.733623 -0.679114
vn -0.024520 0.733623 -0.679114
vn -0.714074 0.700070 -0.000001
vn -0.714074 0.700070 -0.000001
vn -0.714074 0.700070 -0.000001
vn -0.714074 0.700070 -0.000001
vn -0.024588 0.733662 0.679070
vn -0.024588 0.733662 0.679070
vn -0.024588 0.733662 0.679070
vn -0.024588 0.733662 0.679070
vn 0.655035 0.755598 0.000000
vn 0.655035 0.755598 0.000000
vn 0.655035 0.755598 0.000000
vn 0.655035 0.755598 0.000000
vn -0.021801 0.999760 0.002108
vn -0.021801 0.999760 0.002108
vn -0.021801 0.999760 0.002108
vn -0.021801 0.999760 0.002108
vn 0.095792 0.077156 -0.992407
vn 0.095792 0.077156 -0.992407
vn 0.095792 0.077156 -0.992407
vn 0.095792 0.077156 -0.992407
vn -0.991422 0.099619 0.084608
vn -0.991422 0.099619 0.084608
vn -0.991422 0.099619 0.084608
vn -0.991422 0.099619 0.084608
vn -0.088484 0.078000 0.993019
vn -0.088484 0.078000 0.993019
vn -0.088484 0.078000 0.993019
vn -0.088484 0.078000 0.993019
vn 0.986807 0.094624 0.131367
vn 0.986807 0.094624 0.131367
vn 0.986808 0.094624 0.131367
vn 0.986807 0.094624 0.131367
vn 0.038935 0.829940 -0.556493
vn 0.038935 0.829940 -0.556493
vn 0.038935 0.829940 -0.556493
vn 0.038935 0.829940 -0.556493
vn -0.636279 0.767957 0.073420
vn -0.636279 0.767957 0.073420
vn -0.636279 0.767957 0.073420
vn -0.636279 0.767957 0.073420
vn -0.068313 0.831186 0.551781
vn -0.068313 0.831186 0.551781
vn -0.068313 0.831186 0.551781
vn -0.068313 0.831186 0.551781
vn 0.579284 0.811099 0.080927
vn 0.579284 0.811099 0.080927
vn 0.579284 0.811099 0.080927
vn 0.579284 0.811099 0.080927
vn -0.011680 0.999852 0.012656
vn -0.011680 0.999852 0.012656
vn -0.011680 0.999852 0.012656
vn -0.011680 0.999852 0.012656
vn -0.385990 0.088063 -0.918290
vn -0.385990 0.088064 -0.918290
vn -0.385991 0.088064 -0.918290
vn -0.385991 0.088064 -0.918290
vn -0.788799 0.192402 0.583762
vn -0.788799 0.192402 0.583762
vn -0.788799 0.192402 0.583762
vn -0.788799 0.192402 0.583762
vn 0.495220 0.089721 0.864122
vn 0.495220 0.089721 0.864122
vn 0.495220 0.089721 0.864122
vn 0.495220 0.089721 0.864122
vn 0.585906 0.049428 -0.808871
vn 0.585906 0.049428 -0.808870
vn 0.585906 0.049428 -0.808871
vn 0.585906 0.049428 -0.808871
vn -0.228510 0.831095 -0.507016
vn -0.228510 0.831095 -0.507016
vn -0.228510 0.831095 -0.507016
vn -0.228510 0.831095 -0.507016
vn -0.425804 0.853051 0.301655
vn -0.425804 0.853051 0.301655
vn -0.425804 0.853051 0.301655
vn -0.425804 0.853051 0.301655
vn 0.268029 0.836371 0.478168
vn 0.268029 0.836371 0.478168
vn 0.268029 0.836371 0.478168
vn 0.268029 0.836371 0.478168
vn 0.307091 0.854561 -0.418832
vn 0.307091 0.854561 -0.418832
vn 0.307091 0.854561 -0.418832
vn 0.307091 0.854561 -0.418832
vn -0.003964 0.975911 0.218133
vn -0.003964 0.975911 0.218133
vn -0.003964 0.975911 0.218133
vn -0.003964 0.975911 0.218133
vn -0.006348 0.299010 0.954229
vn -0.006348 0.299010 0.954229
vn -0.006348 0.299010 0.954229
vn -0.006348 0.299010 0.954229
vn -0.002384 -0.676799 0.736164
vn -0.002384 -0.676799 0.736164
vn -0.002384 -0.676799 0.736164
vn -0.002384 -0.676799 0.736164
vn 0.003964 -0.975912 -0.218130
vn 0.003964 -0.975912 -0.218130
vn 0.003964 -0.975912 -0.218130
vn 0.003964 -0.975912 -0.218130
vn 0.006348 -0.298982 -0.954238
vn 0.006348 -0.298982 -0.954237
vn 0.006348 -0.298983 -0.954238
vn 0.006348 -0.298982 -0.954238
vn 0.002385 0.676790 -0.736172
vn 0.002385 0.676790 -0.736172
vn 0.002385 0.676790 -0.736172
vn 0.002385 0.676790 -0.736172
vn 0.011326 0.975869 0.218061
vn 0.011326 0.975869 0.218061
vn 0.011326 0.975869 0.218061
vn 0.011326 0.975869 0.218061
vn 0.008615 0.299179 0.954158
vn 0.008615 0.299180 0.954158
vn 0.008615 0.299180 0.954158
vn 0.008615 0.299180 0.954158
vn -0.002712 -0.676805 0.736157
vn -0.002712 -0.676805 0.736157
vn -0.002712 -0.676805 0.736157
vn -0.002712 -0.676805 0.736157
vn -0.011325 -0.975872 -0.218051
vn -0.011325 -0.975872 -0.218051
vn -0.011325 -0.975872 -0.218051
vn -0.011325 -0.975872 -0.218051
vn -0.008615 -0.299184 -0.954157
vn -0.008615 -0.299184 -0.954157
vn -0.008615 -0.299184 -0.954157
vn -0.008615 -0.299184 -0.954157
vn 0.002712 0.676807 -0.736155
vn 0.002712 0.676807 -0.736155
vn 0.002712 0.676807 -0.736156
vn 0.002712 0.676807 -0.736156
vn 0.001329 0.975924 0.218109
vn 0.001329 0.975924 0.218109
vn 0.001329 0.975924 0.218109
vn 0.001329 0.975924 0.218109
vn -0.001383 0.299079 0.954227
vn -0.001383 0.299079 0.954227
vn -0.001383 0.299079 0.954227
vn -0.001383 0.299079 0.954227
vn -0.002711 -0.676811 0.736152
vn -0.002711 -0.676811 0.736152
vn -0.002711 -0.676811 0.736152
vn -0.002711 -0.676811 0.736152
vn -0.001329 -0.975925 -0.218101
vn -0.001329 -0.975925 -0.218101
vn -0.001329 -0.975925 -0.218101
vn -0.001329 -0.975925 -0.218101
vn 0.001383 -0.299064 -0.954232
vn 0.001383 -0.299064 -0.954232
vn 0.001383 -0.299064 -0.954232
vn 0.001383 -0.299064 -0.954232
vn 0.002712 0.676802 -0.736160
vn 0.002712 0.676802 -0.736160
vn 0.002712 0.676803 -0.736160
vn 0.002712 0.676803 -0.736160
vn -0.999918 -0.012766 0.001174
vn -0.999918 -0.012766 0.001174
vn -0.999918 -0.012766 0.001174
vn -0.999918 -0.012783 0.001160
vn -0.999918 -0.012783 0.001160
vn -0.999918 -0.012783 0.001160
vn -0.999918 -0.012776 0.001217
vn -0.999918 -0.012776 0.001217
vn -0.999918 -0.012776 0.001217
vn -0.999918 -0.012766 0.001174
vn -0.999918 -0.012766 0.001174
vn -0.999918 -0.012766 0.001174
vn 0.999918 0.012727 -0.001228
vn 0.999918 0.012727 -0.001228
vn 0.999918 0.012727 -0.001228
vn 0.999917 0.012833 -0.001182
vn 0.999917 0.012833 -0.001182
vn 0.999917 0.012833 -0.001182
vn 0.999918 0.012791 -0.001169
vn 0.999918 0.012791 -0.001169
vn 0.999918 0.012791 -0.001169
vn 0.999918 0.012791 -0.001169
vn 0.999918 0.012791 -0.001169
vn 0.999918 0.012791 -0.001169
vn -0.004073 0.975908 0.218145
vn -0.004073 0.975908 0.218145
vn -0.004073 0.975908 0.218145
vn -0.004073 0.975908 0.218145
vn -0.006773 0.299002 0.954228
vn -0.006773 0.299002 0.954228
vn -0.006773 0.299002 0.954229
vn -0.006773 0.299002 0.954228
vn -0.002701 -0.676822 0.736142
vn -0.002701 -0.676822 0.736142
vn -0.002701 -0.676822 0.736142
vn -0.002701 -0.676822 0.736142
vn 0.004073 -0.975908 -0.218145
vn 0.004073 -0.975908 -0.218145
vn 0.004073 -0.975908 -0.218145
vn 0.004073 -0.975908 -0.218145
vn 0.006773 -0.298987 -0.954233
vn 0.006773 -0.298987 -0.954233
vn 0.006773 -0.298987 -0.954233
vn 0.006773 -0.298987 -0.954233
vn 0.002701 0.676794 -0.736167
vn 0.002701 0.676794 -0.736167
vn 0.002701 0.676794 -0.736167
vn 0.002701 0.676794 -0.736167
vn 0.010572 0.975878 0.218059
vn 0.010572 0.975878 0.218059
vn 0.010572 0.975878 0.218059
vn 0.010572 0.975878 0.218059
vn 0.007871 0.299160 0.954171
vn 0.007871 0.299160 0.954171
vn 0.007871 0.299160 0.954171
vn 0.007871 0.299160 0.954171
vn -0.002701 -0.676803 0.736160
vn -0.002701 -0.676803 0.736160
vn -0.002701 -0.676803 0.736160
vn -0.002701 -0.676803 0.736160
vn -0.010572 -0.975880 -0.218051
vn -0.010572 -0.975880 -0.218051
vn -0.010572 -0.975880 -0.218051
vn -0.010572 -0.975880 -0.218051
vn -0.007871 -0.299169 -0.954168
vn -0.007871 -0.299169 -0.954168
vn -0.007871 -0.299169 -0.954168
vn -0.007871 -0.299169 -0.954168
vn 0.002701 0.676806 -0.736157
vn 0.002701 0.676806 -0.736157
vn 0.002701 0.676806 -0.736157
vn 0.002701 0.676806 -0.736157
vn 0.001326 0.975924 0.218105
vn 0.001326 0.975924 0.218105
vn 0.001326 0.975924 0.218105
vn 0.001326 0.975924 0.218105
vn -0.001375 0.299055 0.954235
vn -0.001375 0.299055 0.954235
vn -0.001375 0.299055 0.954235
vn -0.001375 0.299055 0.954235
vn -0.002701 -0.676793 0.736169
vn -0.002701 -0.676793 0.736169
vn -0.002701 -0.676793 0.736169
vn -0.002701 -0.676793 0.736169
vn -0.001325 -0.975926 -0.218100
vn -0.001325 -0.975926 -0.218100
vn -0.001325 -0.975925 -0.218100
vn -0.001325 -0.975926 -0.218100
vn 0.001375 -0.299072 -0.954230
vn 0.001375 -0.299072 -0.954229
vn 0.001375 -0.299072 -0.954229
vn 0.001375 -0.299072 -0.954229
vn 0.002701 0.676813 -0.736150
vn 0.002701 0.676813 -0.736150
vn 0.002701 0.676813 -0.736150
vn 0.002701 0.676813 -0.736150
vn -0.999916 -0.012773 0.002214
vn -0.999916 -0.012773 0.002214
vn -0.999916 -0.012773 0.002214
vn -0.999916 -0.012801 0.002196
vn -0.999916 -0.012801 0.002196
vn -0.999916 -0.012801 0.002196
vn -0.999916 -0.012781 0.002223
vn -0.999916 -0.012781 0.002223
vn -0.999916 -0.012781 0.002223
vn -0.999916 -0.012780 0.002216
vn -0.999916 -0.012780 0.002216
vn -0.999916 -0.012780 0.002216
vn 0.999916 0.012789 -0.002199
vn 0.999916 0.012789 -0.002199
vn 0.999916 0.012789 -0.002199
vn 0.999916 0.012781 -0.002223
vn 0.999916 0.012781 -0.002223
vn 0.999916 0.012781 -0.002223
vn 0.999916 0.012764 -0.002205
vn 0.999916 0.012764 -0.002205
vn 0.999916 0.012764 -0.002205
vn 0.999916 0.012767 -0.002218
vn 0.999916 0.012767 -0.002218
vn 0.999916 0.012767 -0.002218
vn -0.001043 0.096440 -0.995338
vn -0.001043 0.096440 -0.995338
vn -0.001043 0.096440 -0.995338
vn -0.001043 0.096440 -0.995338
vn -0.987950 0.154772 -0.000002
vn -0.987950 0.154772 -0.000002
vn -0.987950 0.154772 -0.000002
vn -0.987950 0.154772 -0.000002
vn -0.001046 0.096439 0.995338
vn -0.001046 0.096439 0.995338
vn -0.001046 0.096439 0.995338
vn -0.001046 0.096439 0.995338
vn 0.989775 0.142640 0.000002
vn 0.989775 0.142640 0.000002
vn 0.989775 0.142640 0.000002
vn 0.989775 0.142640 0.000002
vn -0.018543 0.879493 -0.475550
vn -0.018543 0.879493 -0.475550
vn -0.018543 0.879493 -0.475550
vn -0.018543 0.879493 -0.475550
vn -0.456511 0.889718 -0.000001
vn -0.456511 0.889718 -0.000001
vn -0.456511 0.889718 -0.000001
vn -0.456511 0.889718 -0.000001
vn -0.018544 0.879494 0.475549
vn -0.018544 0.879494 0.475549
vn -0.018544 0.879494 0.475549
vn -0.018544 0.879494 0.475549
vn 0.436878 0.899521 0.000001
vn 0.436878 0.899521 0.000001
vn 0.436878 0.899521 0.000001
vn 0.436878 0.899521 0.000001
vn -0.000072 0.012649 -0.999920
vn -0.000072 0.012649 -0.999920
vn -0.000072 0.012649 -0.999920
vn -0.000072 0.012649 -0.999920
vn -0.999266 0.038308 -0.000002
vn -0.999266 0.038308 -0.000002
vn -0.999266 0.038308 -0.000002
vn -0.999266 0.038308 -0.000002
vn -0.000076 0.012649 0.999920
vn -0.000076 0.012649 0.999920
vn -0.000076 0.012649 0.999920
vn -0.000076 0.012649 0.999920
vn 0.999728 0.023307 0.000001
vn 0.999728 0.023307 0.000001
vn 0.999728 0.023307 0.000001
vn 0.999728 0.023307 0.000001
vn -0.015794 -0.888950 -0.457732
vn -0.015794 -0.888950 -0.457732
vn -0.015794 -0.888950 -0.457732
vn -0.015794 -0.888950 -0.457732
vn -0.454292 -0.890853 -0.000001
vn -0.454292 -0.890853 -0.000001
vn -0.454292 -0.890853 -0.000001
vn -0.454292 -0.890853 -0.000001
vn -0.015796 -0.888951 0.457730
vn -0.015796 -0.888951 0.457730
vn -0.015796 -0.888951 0.457730
vn -0.015796 -0.888951 0.457730
vn 0.435025 -0.900419 0.000001
vn 0.435025 -0.900419 0.000001
vn 0.435025 -0.900419 0.000001
vn 0.435025 -0.900419 0.000001
vn -0.014475 -0.814035 -0.580636
vn -0.014475 -0.814035 -0.580636
vn -0.014475 -0.814035 -0.580636
vn -0.014475 -0.814035 -0.580636
vn -0.568291 -0.822827 -0.000001
vn -0.568291 -0.822827 -0.000001
vn -0.568291 -0.822827 -0.000001
vn -0.568291 -0.822827 -0.000001
vn -0.014477 -0.814038 0.580631
vn -0.014477 -0.814038 0.580631
vn -0.014477 -0.814038 0.580631
vn -0.014477 -0.814038 0.580631
vn 0.567903 -0.823095 0.000001
vn 0.567903 -0.823095 0.000001
vn 0.567903 -0.823095 0.000001
vn 0.567903 -0.823095 0.000001
vn 0.020341 0.998793 -0.044708
vn 0.020341 0.998793 -0.044708
vn 0.020341 0.998793 -0.044708
vn 0.020341 0.998793 -0.044708
vn 0.064187 0.997938 -0.000000
vn 0.064187 0.997938 -0.000000
vn 0.064187 0.997938 -0.000000
vn 0.064187 0.997938 -0.000000
vn 0.020341 0.998793 0.044705
vn 0.020341 0.998793 0.044705
vn 0.020341 0.998793 0.044705
vn 0.020341 0.998793 0.044705
vn -0.023227 0.999730 -0.000001
vn -0.023227 0.999730 -0.000001
vn -0.023227 0.999730 -0.000001
vn -0.023227 0.999730 -0.000001
vn 0.016371 0.823474 -0.567117
vn 0.016371 0.823474 -0.567117
vn 0.016371 0.823474 -0.567117
vn 0.016371 0.823474 -0.567117
vn -0.521439 0.853289 -0.000001
vn -0.521439 0.853289 -0.000001
vn -0.521439 0.853289 -0.000001
vn -0.521439 0.853289 -0.000001
vn 0.016369 0.823474 0.567117
vn 0.016369 0.823474 0.567117
vn 0.016369 0.823474 0.567117
vn 0.016369 0.823474 0.567117
vn 0.587288 0.809378 0.000001
vn 0.587288 0.809378 0.000001
vn 0.587288 0.809378 0.000001
vn 0.587288 0.809378 0.000001
vn 0.002048 0.117796 -0.993036
vn 0.002048 0.117796 -0.993036
vn 0.002048 0.117796 -0.993036
vn 0.002048 0.117796 -0.993036
vn -0.979926 0.199362 -0.000003
vn -0.979926 0.199362 -0.000003
vn -0.979926 0.199362 -0.000003
vn -0.979926 0.199362 -0.000003
vn 0.002044 0.117798 0.993036
vn 0.002044 0.117798 0.993035
vn 0.002044 0.117798 0.993035
vn 0.002044 0.117798 0.993035
vn 0.996773 0.080276 0.000002
vn 0.996773 0.080276 0.000002
vn 0.996773 0.080276 0.000002
vn 0.996773 0.080276 0.000002
vn 0.001004 0.062125 -0.998068
vn 0.001004 0.062125 -0.998068
vn 0.001004 0.062125 -0.998068
vn 0.001004 0.062125 -0.998068
vn -0.994776 0.102080 -0.000001
vn -0.994776 0.102080 -0.000001
vn -0.994776 0.102080 -0.000001
vn -0.994776 0.102080 -0.000001
vn 0.000999 0.062125 0.998068
vn 0.000999 0.062125 0.998068
vn 0.000999 0.062125 0.998068
vn 0.000999 0.062125 0.998068
vn 0.999407 0.034442 0.000002
vn 0.999407 0.034442 0.000002
vn 0.999407 0.034442 0.000002
vn 0.999407 0.034442 0.000002
vn -0.000281 -0.010231 -0.999948
vn -0.000281 -0.010231 -0.999948
vn -0.000281 -0.010231 -0.999948
vn -0.000281 -0.010231 -0.999948
vn -0.999835 0.018148 -0.000002
vn -0.999835 0.018148 -0.000002
vn -0.999835 0.018148 -0.000002
vn -0.999835 0.018148 -0.000002
vn -0.000283 -0.010231 0.999948
vn -0.000283 -0.010231 0.999948
vn -0.000283 -0.010231 0.999948
vn -0.000283 -0.010231 0.999948
vn 0.999446 -0.033275 0.000002
vn 0.999446 -0.033275 0.000002
vn 0.999446 -0.033275 0.000002
vn 0.999446 -0.033275 0.000002
vn -0.018861 -0.998915 -0.042584
vn -0.018861 -0.998915 -0.042584
vn -0.018861 -0.998915 -0.042584
vn -0.018861 -0.998915 -0.042584
vn -0.062593 -0.998039 -0.000001
vn -0.062593 -0.998039 -0.000001
vn -0.062593 -0.998039 -0.000001
vn -0.062593 -0.998039 -0.000001
vn -0.018861 -0.998915 0.042590
vn -0.018861 -0.998915 0.042590
vn -0.018861 -0.998915 0.042590
vn -0.018861 -0.998915 0.042590
vn 0.022111 -0.999756 -0.000000
vn 0.022111 -0.999756 -0.000000
vn 0.022111 -0.999756 -0.000000
vn 0.022111 -0.999756 -0.000000
vn -0.002553 -0.150779 -0.988564
vn -0.002553 -0.150779 -0.988564
vn -0.002553 -0.150780 -0.988564
vn -0.002553 -0.150780 -0.988564
vn -0.998856 -0.047814 -0.000001
vn -0.998856 -0.047814 -0.000001
vn -0.998856 -0.047814 -0.000001
vn -0.998856 -0.047814 -0.000001
vn -0.002559 -0.150782 0.988564
vn -0.002559 -0.150782 0.988564
vn -0.002559 -0.150782 0.988564
vn -0.002559 -0.150782 0.988564
vn 0.968990 -0.247099 0.000003
vn 0.968990 -0.247099 0.000003
vn 0.968990 -0.247099 0.000003
vn 0.968990 -0.247099 0.000003
vn 0.023551 0.758887 -0.650797
vn 0.023551 0.758887 -0.650797
vn 0.023551 0.758887 -0.650797
vn 0.023551 0.758887 -0.650797
vn -0.635175 0.772369 -0.000002
vn -0.635175 0.772369 -0.000002
vn -0.635175 0.772369 -0.000002
vn -0.635175 0.772369 -0.000002
vn 0.023549 0.758887 0.650797
vn 0.023549 0.758887 0.650796
vn 0.023549 0.758887 0.650796
vn 0.023549 0.758887 0.650796
vn 0.664531 0.747261 0.000001
vn 0.664531 0.747261 0.000001
vn 0.664531 0.747261 0.000001
vn 0.664531 0.747261 0.000001
vn -0.000119 -0.007720 -0.999970
vn -0.000119 -0.007720 -0.999970
vn -0.000119 -0.007720 -0.999970
vn -0.000119 -0.007720 -0.999970
vn -0.999939 0.011088 -0.000003
vn -0.999939 0.011088 -0.000003
vn -0.999939 0.011088 -0.000003
vn -0.999939 0.011088 -0.000003
vn -0.000123 -0.007716 0.999970
vn -0.000123 -0.007716 0.999970
vn -0.000123 -0.007716 0.999970
vn -0.000123 -0.007716 0.999970
vn 0.999704 -0.024339 0.000003
vn 0.999704 -0.024339 0.000003
vn 0.999704 -0.024339 0.000003
vn 0.999704 -0.024339 0.000003
vn 0.000001 -0.887749 -0.460328
vn 0.000001 -0.887749 -0.460327
vn 0.000001 -0.887749 -0.460327
vn 0.000001 -0.887749 -0.460327
vn -0.458992 -0.888440 -0.000001
vn -0.458992 -0.888440 -0.000001
vn -0.458992 -0.888440 -0.000001
vn -0.458992 -0.888440 -0.000001
vn -0.000000 -0.887749 0.460328
vn -0.000000 -0.887749 0.460328
vn -0.000000 -0.887749 0.460328
vn -0.000000 -0.887749 0.460328
vn 0.460504 -0.887658 0.000002
vn 0.460504 -0.887658 0.000002
vn 0.460504 -0.887658 0.000002
vn 0.460504 -0.887658 0.000002
vn -0.002921 -0.411655 -0.911335
vn -0.002921 -0.411655 -0.911335
vn -0.002921 -0.411655 -0.911335
vn -0.002921 -0.411655 -0.911335
vn -0.916376 -0.400319 -0.000002
vn -0.916376 -0.400319 -0.000002
vn -0.916376 -0.400319 -0.000002
vn -0.916376 -0.400319 -0.000002
vn -0.002923 -0.411656 0.911335
vn -0.002923 -0.411656 0.911335
vn -0.002923 -0.411656 0.911335
vn -0.002923 -0.411656 0.911335
vn 0.905453 -0.424447 0.000002
vn 0.905453 -0.424447 0.000002
vn 0.905453 -0.424447 0.000002
vn 0.905453 -0.424447 0.000002
vn 0.013016 0.999915 0.000000
vn 0.013016 0.999915 0.000000
vn 0.013016 0.999915 0.000000
vn 0.013016 0.999915 0.000000
s off
g fench_pillar_two
usemtl lambert2SG
f 2/1/1 34/2/2 35/3/3 1/4/4
f 3/5/5 33/6/6 34/2/7 2/1/8
f 4/945/9 32/946/10 33/947/11 3/948/12
f 5/13/13 31/14/14 32/15/15 4/16/16
f 6/17/17 36/18/18 31/14/19 5/13/20
f 1/953/21 35/954/22 36/955/23 6/956/24
f 14/25/25 15/26/26 20/27/27 21/28/28
f 15/1759/29 16/1762/30 25/1767/31 20/1768/32
f 16/35/33 17/31/34 24/34/35 25/36/36
f 17/31/37 18/32/38 23/33/39 24/34/40
f 18/961/41 19/962/42 22/963/43 23/964/44
f 19/29/45 14/25/46 21/28/47 22/30/48
f 2/1757/49 1/1758/50 15/1759/51 14/1760/52
f 1/1758/53 6/1761/54 16/1762/55 15/1759/56
f 6/1761/57 5/1765/58 17/1766/59 16/1762/60
f 5/1765/61 4/1769/62 18/1770/63 17/1766/64
f 4/1769/65 3/1763/66 19/1764/67 18/1770/68
f 3/1763/69 2/1757/70 14/1760/71 19/1764/72
f 9/1771/73 8/1772/74 21/1773/75 20/1774/76
f 8/1772/77 13/1775/78 22/1776/79 21/1773/80
f 13/1775/81 12/1779/82 23/1780/83 22/1776/84
f 12/1779/85 11/1781/86 24/1782/87 23/1780/88
f 11/1781/89 10/1777/90 25/1778/91 24/1782/92
f 10/1777/93 9/1771/94 20/1774/95 25/1778/96
f 7/1783/97 29/1784/98 30/1785/99
f 7/1783/100 26/1788/101 27/1787/102
f 7/1783/103 27/1787/104 28/1786/105
f 7/1783/106 28/1786/107 29/1784/108
f 34/2/109 40/7/110 41/8/111 35/3/112
f 33/6/113 39/9/114 40/7/115 34/2/116
f 32/946/117 38/949/118 39/950/119 33/947/120
f 37/19/121 38/20/122 32/15/123 31/14/124
f 42/21/125 37/19/126 31/14/127 36/18/128
f 41/957/129 42/958/130 36/955/131 35/954/132
f 40/7/133 26/10/134 7/11/135 41/8/136
f 39/9/137 27/12/138 26/10/139 40/7/140
f 38/949/141 28/951/142 27/952/143 39/950/144
f 29/22/145 28/23/146 38/20/147 37/19/148
f 30/24/149 29/22/150 37/19/151 42/21/152
f 7/959/153 30/960/154 42/958/155 41/957/156
f 9/37/157 51/38/158 52/39/159 8/40/160
f 10/965/161 50/966/162 51/967/163 9/968/164
f 11/61/165 49/60/166 50/64/167 10/65/168
f 12/58/169 54/59/170 49/60/171 11/61/172
f 13/979/173 53/980/174 54/981/175 12/982/176
f 8/40/177 52/39/178 53/43/179 13/44/180
f 57/41/181 58/42/182 52/39/183 51/38/184
f 50/966/185 56/969/186 57/970/187 51/967/188
f 49/60/189 55/63/190 56/68/191 50/64/192
f 54/59/193 60/62/194 55/63/195 49/60/196
f 59/983/197 60/984/198 54/981/199 53/980/200
f 58/42/201 59/47/202 53/43/203 52/39/204
f 44/45/205 43/46/206 58/42/207 57/41/208
f 56/969/209 45/971/210 44/972/211 57/970/212
f 55/63/213 46/67/214 45/71/215 56/68/216
f 60/62/217 47/66/218 46/67/219 55/63/220
f 48/985/221 47/986/222 60/984/223 59/983/224
f 43/46/225 48/50/226 59/47/227 58/42/228
f 44/45/229 74/48/230 75/49/231 43/46/232
f 45/971/233 73/973/234 74/974/235 44/972/236
f 46/67/237 78/70/238 73/74/239 45/71/240
f 47/66/241 77/69/242 78/70/243 46/67/244
f 48/985/245 76/987/246 77/988/247 47/986/248
f 43/46/249 75/49/250 76/53/251 48/50/252
f 69/54/253 70/55/254 64/52/255 63/51/256
f 68/977/257 69/978/258 63/976/259 62/975/260
f 67/76/261 68/78/262 62/77/263 61/73/264
f 72/75/265 67/76/266 61/73/267 66/72/268
f 71/991/269 72/992/270 66/990/271 65/989/272
f 70/55/273 71/57/274 65/56/275 64/52/276
f 63/51/277 64/52/278 75/49/279 74/48/280
f 62/975/281 63/976/282 74/974/283 73/973/284
f 61/73/285 62/77/286 73/74/287 78/70/288
f 66/72/289 61/73/290 78/70/291 77/69/292
f 65/989/293 66/990/294 77/988/295 76/987/296
f 64/52/297 65/56/298 76/53/299 75/49/300
f 80/993/301 112/994/302 113/995/303 79/996/304
f 81/79/305 111/80/306 112/81/307 80/82/308
f 82/1005/309 110/1006/310 111/1007/311 81/1008/312
f 83/1009/313 109/1010/314 110/1006/315 82/1005/316
f 84/87/317 114/88/318 109/89/319 83/90/320
f 79/996/321 113/995/322 114/999/323 84/1000/324
f 92/1017/325 93/1018/326 98/1019/327 99/1020/328
f 93/1018/329 94/1021/330 103/1022/331 98/1019/332
f 94/1794/333 95/1798/334 102/1801/335 103/1802/336
f 95/1023/337 96/1024/338 101/1025/339 102/1026/340
f 96/1024/341 97/1027/342 100/1028/343 101/1025/344
f 97/95/345 92/96/346 99/97/347 100/98/348
f 80/1789/349 79/1790/350 93/1791/351 92/1792/352
f 79/1790/353 84/1793/354 94/1794/355 93/1791/356
f 84/1793/357 83/1797/358 95/1798/359 94/1794/360
f 83/1797/361 82/1799/362 96/1800/363 95/1798/364
f 82/1799/365 81/1795/366 97/1796/367 96/1800/368
f 81/1795/369 80/1789/370 92/1792/371 97/1796/372
f 87/1803/373 86/1804/374 99/1805/375 98/1806/376
f 86/1804/377 91/1807/378 100/1808/379 99/1805/380
f 91/1807/381 90/1811/382 101/1812/383 100/1808/384
f 90/1811/385 89/1813/386 102/1814/387 101/1812/388
f 89/1813/389 88/1809/390 103/1810/391 102/1814/392
f 88/1809/393 87/1803/394 98/1806/395 103/1810/396
f 85/1815/397 107/1816/398 108/1817/399
f 85/1815/400 104/1820/401 105/1819/402
f 85/1815/403 105/1819/404 106/1818/405
f 85/1815/406 106/1818/407 107/1816/408
f 112/994/409 118/997/410 119/998/411 113/995/412
f 111/80/413 117/83/414 118/84/415 112/81/416
f 110/1006/417 116/1011/418 117/1012/419 111/1007/420
f 115/1013/421 116/1011/422 110/1006/423 109/1010/424
f 120/91/425 115/92/426 109/89/427 114/88/428
f 119/998/429 120/1003/430 114/999/431 113/995/432
f 118/997/433 104/1001/434 85/1002/435 119/998/436
f 117/83/437 105/85/438 104/86/439 118/84/440
f 116/1011/441 106/1014/442 105/1015/443 117/1012/444
f 107/1016/445 106/1014/446 116/1011/447 115/1013/448
f 108/93/449 107/94/450 115/92/451 120/91/452
f 85/1002/453 108/1004/454 120/1003/455 119/998/456
f 87/1029/457 129/1030/458 130/1031/459 86/1032/460
f 88/1033/461 128/1034/462 129/1030/463 87/1029/464
f 89/99/465 127/100/466 128/101/467 88/102/468
f 90/1050/469 132/1051/470 127/1052/471 89/1053/472
f 91/1054/473 131/1055/474 132/1051/475 90/1050/476
f 86/113/477 130/114/478 131/115/479 91/116/480
f 135/1035/481 136/1036/482 130/1031/483 129/1030/484
f 128/1034/485 134/1037/486 135/1035/487 129/1030/488
f 127/100/489 133/103/490 134/104/491 128/101/492
f 132/1051/493 138/1056/494 133/1057/495 127/1052/496
f 137/1058/497 138/1056/498 132/1051/499 131/1055/500
f 136/117/501 137/118/502 131/115/503 130/114/504
f 122/1038/505 121/1039/506 136/1036/507 135/1035/508
f 134/1037/509 123/1040/510 122/1038/511 135/1035/512
f 133/103/513 124/105/514 123/106/515 134/104/516
f 138/1056/517 125/1059/518 124/1060/519 133/1057/520
f 126/1061/521 125/1059/522 138/1056/523 137/1058/524
f 121/119/525 126/120/526 137/118/527 136/117/528
f 122/1038/529 152/1041/530 153/1042/531 121/1039/532
f 123/1040/533 151/1043/534 152/1041/535 122/1038/536
f 124/105/537 156/107/538 151/108/539 123/106/540
f 125/1059/541 155/1062/542 156/1063/543 124/1060/544
f 126/1061/545 154/1064/546 155/1062/547 125/1059/548
f 121/119/549 153/121/550 154/122/551 126/120/552
f 147/1047/553 148/1048/554 142/1045/555 141/1044/556
f 146/1049/557 147/1047/558 141/1044/559 140/1046/560
f 145/111/561 146/112/562 140/110/563 139/109/564
f 150/1068/565 145/1069/566 139/1066/567 144/1065/568
f 149/1070/569 150/1068/570 144/1065/571 143/1067/572
f 148/125/573 149/126/574 143/124/575 142/123/576
f 141/1044/577 142/1045/578 153/1042/579 152/1041/580
f 140/1046/581 141/1044/582 152/1041/583 151/1043/584
f 139/109/585 140/110/586 151/108/587 156/107/588
f 144/1065/589 139/1066/590 156/1063/591 155/1062/592
f 143/1067/593 144/1065/594 155/1062/595 154/1064/596
f 142/123/597 143/124/598 154/122/599 153/121/600
f 158/127/601 190/128/602 191/129/603 157/130/604
f 159/131/605 189/132/606 190/128/607 158/127/608
f 160/1071/609 188/1072/610 189/1073/611 159/1074/612
f 161/139/613 187/140/614 188/141/615 160/142/616
f 162/143/617 192/144/618 187/140/619 161/139/620
f 157/1079/621 191/1080/622 192/1081/623 162/1082/624
f 170/151/625 171/152/626 176/153/627 177/154/628
f 171/1823/629 172/1826/630 181/1831/631 176/1832/632
f 172/161/633 173/157/634 180/160/635 181/162/636
f 173/157/637 174/158/638 179/159/639 180/160/640
f 174/1087/641 175/1088/642 178/1089/643 179/1090/644
f 175/155/645 170/151/646 177/154/647 178/156/648
f 158/1821/649 157/1822/650 171/1823/651 170/1824/652
f 157/1822/653 162/1825/654 172/1826/655 171/1823/656
f 162/1825/657 161/1829/658 173/1830/659 172/1826/660
f 161/1829/661 160/1833/662 174/1834/663 173/1830/664
f 160/1833/665 159/1827/666 175/1828/667 174/1834/668
f 159/1827/669 158/1821/670 170/1824/671 175/1828/672
f 165/1835/673 164/1836/674 177/1837/675 176/1838/676
f 164/1836/677 169/1839/678 178/1840/679 177/1837/680
f 169/1839/681 168/1843/682 179/1844/683 178/1840/684
f 168/1843/685 167/1845/686 180/1846/687 179/1844/688
f 167/1845/689 166/1841/690 181/1842/691 180/1846/692
f 166/1841/693 165/1835/694 176/1838/695 181/1842/696
f 163/1847/697 185/1848/698 186/1849/699
f 163/1847/700 182/1852/701 183/1851/702
f 163/1847/703 183/1851/704 184/1850/705
f 163/1847/706 184/1850/707 185/1848/708
f 190/128/709 196/133/710 197/134/711 191/129/712
f 189/132/713 195/135/714 196/133/715 190/128/716
f 188/1072/717 194/1075/718 195/1076/719 189/1073/720
f 193/145/721 194/146/722 188/141/723 187/140/724
f 198/147/725 193/145/726 187/140/727 192/144/728
f 197/1083/729 198/1084/730 192/1081/731 191/1080/732
f 196/133/733 182/136/734 163/137/735 197/134/736
f 195/135/737 183/138/738 182/136/739 196/133/740
f 194/1075/741 184/1077/742 183/1078/743 195/1076/744
f 185/148/745 184/149/746 194/146/747 193/145/748
f 186/150/749 185/148/750 193/145/751 198/147/752
f 163/1085/753 186/1086/754 198/1084/755 197/1083/756
f 165/163/757 207/164/758 208/165/759 164/166/760
f 166/1091/761 206/1092/762 207/1093/763 165/1094/764
f 167/187/765 205/186/766 206/190/767 166/191/768
f 168/184/769 210/185/770 205/186/771 167/187/772
f 169/1105/773 209/1106/774 210/1107/775 168/1108/776
f 164/166/777 208/165/778 209/169/779 169/170/780
f 213/167/781 214/168/782 208/165/783 207/164/784
f 206/1092/785 212/1095/786 213/1096/787 207/1093/788
f 205/186/789 211/189/790 212/194/791 206/190/792
f 210/185/793 216/188/794 211/189/795 205/186/796
f 215/1109/797 216/1110/798 210/1107/799 209/1106/800
f 214/168/801 215/173/802 209/169/803 208/165/804
f 200/171/805 199/172/806 214/168/807 213/167/808
f 212/1095/809 201/1097/810 200/1098/811 213/1096/812
f 211/189/813 202/193/814 201/197/815 212/194/816
f 216/188/817 203/192/818 202/193/819 211/189/820
f 204/1111/821 203/1112/822 216/1110/823 215/1109/824
f 199/172/825 204/176/826 215/173/827 214/168/828
f 200/171/829 230/174/830 231/175/831 199/172/832
f 201/1097/833 229/1099/834 230/1100/835 200/1098/836
f 202/193/837 234/196/838 229/200/839 201/197/840
f 203/192/841 233/195/842 234/196/843 202/193/844
f 204/1111/845 232/1113/846 233/1114/847 203/1112/848
f 199/172/849 231/175/850 232/179/851 204/176/852
f 225/180/853 226/181/854 220/178/855 219/177/856
f 224/1103/857 225/1104/858 219/1102/859 218/1101/860
f 223/202/861 224/204/862 218/203/863 217/199/864
f 228/201/865 223/202/866 217/199/867 222/198/868
f 227/1117/869 228/1118/870 222/1116/871 221/1115/872
f 226/181/873 227/183/874 221/182/875 220/178/876
f 219/177/877 220/178/878 231/175/879 230/174/880
f 218/1101/881 219/1102/882 230/1100/883 229/1099/884
f 217/199/885 218/203/886 229/200/887 234/196/888
f 222/198/889 217/199/890 234/196/891 233/195/892
f 221/1115/893 222/1116/894 233/1114/895 232/1113/896
f 220/178/897 221/182/898 232/179/899 231/175/900
f 236/205/901 268/206/902 269/207/903 235/208/904
f 237/209/905 267/210/906 268/206/907 236/205/908
f 238/1119/909 266/1120/910 267/1121/911 237/1122/912
f 239/217/913 265/218/914 266/219/915 238/220/916
f 240/221/917 270/222/918 265/218/919 239/217/920
f 235/1127/921 269/1128/922 270/1129/923 240/1130/924
f 248/229/925 249/230/926 254/231/927 255/232/928
f 249/1855/929 250/1858/930 259/1863/931 254/1864/932
f 250/239/933 251/235/934 258/238/935 259/240/936
f 251/235/937 252/236/938 257/237/939 258/238/940
f 252/1135/941 253/1136/942 256/1137/943 257/1138/944
f 253/233/945 248/229/946 255/232/947 256/234/948
f 236/1853/949 235/1854/950 249/1855/951 248/1856/952
f 235/1854/953 240/1857/954 250/1858/955 249/1855/956
f 240/1857/957 239/1861/958 251/1862/959 250/1858/960
f 239/1861/961 238/1865/962 252/1866/963 251/1862/964
f 238/1865/965 237/1859/966 253/1860/967 252/1866/968
f 237/1859/969 236/1853/970 248/1856/971 253/1860/972
f 243/1867/973 242/1868/974 255/1869/975 254/1870/976
f 242/1868/977 247/1871/978 256/1872/979 255/1869/980
f 247/1871/981 246/1875/982 257/1876/983 256/1872/984
f 246/1875/985 245/1877/986 258/1878/987 257/1876/988
f 245/1877/989 244/1873/990 259/1874/991 258/1878/992
f 244/1873/993 243/1867/994 254/1870/995 259/1874/996
f 241/1879/997 263/1880/998 264/1881/999
f 241/1879/1000 260/1884/1001 261/1883/1002
f 241/1879/1003 261/1883/1004 262/1882/1005
f 241/1879/1006 262/1882/1007 263/1880/1008
f 268/206/1009 274/211/1010 275/212/1011 269/207/1012
f 267/210/1013 273/213/1014 274/211/1015 268/206/1016
f 266/1120/1017 272/1123/1018 273/1124/1019 267/1121/1020
f 271/223/1021 272/224/1022 266/219/1023 265/218/1024
f 276/225/1025 271/223/1026 265/218/1027 270/222/1028
f 275/1131/1029 276/1132/1030 270/1129/1031 269/1128/1032
f 274/211/1033 260/214/1034 241/215/1035 275/212/1036
f 273/213/1037 261/216/1038 260/214/1039 274/211/1040
f 272/1123/1041 262/1125/1042 261/1126/1043 273/1124/1044
f 263/226/1045 262/227/1046 272/224/1047 271/223/1048
f 264/228/1049 263/226/1050 271/223/1051 276/225/1052
f 241/1133/1053 264/1134/1054 276/1132/1055 275/1131/1056
f 243/241/1057 285/242/1058 286/243/1059 242/244/1060
f 244/1139/1061 284/1140/1062 285/1141/1063 243/1142/1064
f 245/265/1065 283/264/1066 284/268/1067 244/269/1068
f 246/262/1069 288/263/1070 283/264/1071 245/265/1072
f 247/1153/1073 287/1154/1074 288/1155/1075 246/1156/1076
f 242/244/1077 286/243/1078 287/247/1079 247/248/1080
f 291/245/1081 292/246/1082 286/243/1083 285/242/1084
f 284/1140/1085 290/1143/1086 291/1144/1087 285/1141/1088
f 283/264/1089 289/267/1090 290/272/1091 284/268/1092
f 288/263/1093 294/266/1094 289/267/1095 283/264/1096
f 293/1157/1097 294/1158/1098 288/1155/1099 287/1154/1100
f 292/246/1101 293/251/1102 287/247/1103 286/243/1104
f 278/249/1105 277/250/1106 292/246/1107 291/245/1108
f 290/1143/1109 279/1145/1110 278/1146/1111 291/1144/1112
f 289/267/1113 280/271/1114 279/275/1115 290/272/1116
f 294/266/1117 281/270/1118 280/271/1119 289/267/1120
f 282/1159/1121 281/1160/1122 294/1158/1123 293/1157/1124
f 277/250/1125 282/254/1126 293/251/1127 292/246/1128
f 278/249/1129 308/252/1130 309/253/1131 277/250/1132
f 279/1145/1133 307/1147/1134 308/1148/1135 278/1146/1136
f 280/271/1137 312/274/1138 307/278/1139 279/275/1140
f 281/270/1141 311/273/1142 312/274/1143 280/271/1144
f 282/1159/1145 310/1161/1146 311/1162/1147 281/1160/1148
f 277/250/1149 309/253/1150 310/257/1151 282/254/1152
f 303/258/1153 304/259/1154 298/256/1155 297/255/1156
f 302/1151/1157 303/1152/1158 297/1150/1159 296/1149/1160
f 301/280/1161 302/282/1162 296/281/1163 295/277/1164
f 306/279/1165 301/280/1166 295/277/1167 300/276/1168
f 305/1165/1169 306/1166/1170 300/1164/1171 299/1163/1172
f 304/259/1173 305/261/1174 299/260/1175 298/256/1176
f 297/255/1177 298/256/1178 309/253/1179 308/252/1180
f 296/1149/1181 297/1150/1182 308/1148/1183 307/1147/1184
f 295/277/1185 296/281/1186 307/278/1187 312/274/1188
f 300/276/1189 295/277/1190 312/274/1191 311/273/1192
f 299/1163/1193 300/1164/1194 311/1162/1195 310/1161/1196
f 298/256/1197 299/260/1198 310/257/1199 309/253/1200
f 314/1167/1201 346/1168/1202 347/1169/1203 313/1170/1204
f 315/283/1205 345/284/1206 346/285/1207 314/286/1208
f 316/1179/1209 344/1180/1210 345/1181/1211 315/1182/1212
f 317/1183/1213 343/1184/1214 344/1180/1215 316/1179/1216
f 318/291/1217 348/292/1218 343/293/1219 317/294/1220
f 313/1170/1221 347/1169/1222 348/1173/1223 318/1174/1224
f 326/1191/1225 327/1192/1226 332/1193/1227 333/1194/1228
f 327/1192/1229 328/1195/1230 337/1196/1231 332/1193/1232
f 328/1890/1233 329/1894/1234 336/1897/1235 337/1898/1236
f 329/1197/1237 330/1198/1238 335/1199/1239 336/1200/1240
f 330/1198/1241 331/1201/1242 334/1202/1243 335/1199/1244
f 331/299/1245 326/300/1246 333/301/1247 334/302/1248
f 314/1885/1249 313/1886/1250 327/1887/1251 326/1888/1252
f 313/1886/1253 318/1889/1254 328/1890/1255 327/1887/1256
f 318/1889/1257 317/1893/1258 329/1894/1259 328/1890/1260
f 317/1893/1261 316/1895/1262 330/1896/1263 329/1894/1264
f 316/1895/1265 315/1891/1266 331/1892/1267 330/1896/1268
f 315/1891/1269 314/1885/1270 326/1888/1271 331/1892/1272
f 321/1899/1273 320/1900/1274 333/1901/1275 332/1902/1276
f 320/1900/1277 325/1903/1278 334/1904/1279 333/1901/1280
f 325/1903/1281 324/1907/1282 335/1908/1283 334/1904/1284
f 324/1907/1285 323/1909/1286 336/1910/1287 335/1908/1288
f 323/1909/1289 322/1905/1290 337/1906/1291 336/1910/1292
f 322/1905/1293 321/1899/1294 332/1902/1295 337/1906/1296
f 319/1911/1297 341/1912/1298 342/1913/1299
f 319/1911/1300 338/1916/1301 339/1915/1302
f 319/1911/1303 339/1915/1304 340/1914/1305
f 319/1911/1306 340/1914/1307 341/1912/1308
f 346/1168/1309 352/1171/1310 353/1172/1311 347/1169/1312
f 345/284/1313 351/287/1314 352/288/1315 346/285/1316
f 344/1180/1317 350/1185/1318 351/1186/1319 345/1181/1320
f 349/1187/1321 350/1185/1322 344/1180/1323 343/1184/1324
f 354/295/1325 349/296/1326 343/293/1327 348/292/1328
f 353/1172/1329 354/1177/1330 348/1173/1331 347/1169/1332
f 352/1171/1333 338/1175/1334 319/1176/1335 353/1172/1336
f 351/287/1337 339/289/1338 338/290/1339 352/288/1340
f 350/1185/1341 340/1188/1342 339/1189/1343 351/1186/1344
f 341/1190/1345 340/1188/1346 350/1185/1347 349/1187/1348
f 342/297/1349 341/298/1350 349/296/1351 354/295/1352
f 319/1176/1353 342/1178/1354 354/1177/1355 353/1172/1356
f 321/1203/1357 363/1204/1358 364/1205/1359 320/1206/1360
f 322/1207/1361 362/1208/1362 363/1204/1363 321/1203/1364
f 323/303/1365 361/304/1366 362/305/1367 322/306/1368
f 324/1224/1369 366/1225/1370 361/1226/1371 323/1227/1372
f 325/1228/1373 365/1229/1374 366/1225/1375 324/1224/1376
f 320/317/1377 364/318/1378 365/319/1379 325/320/1380
f 369/1209/1381 370/1210/1382 364/1205/1383 363/1204/1384
f 362/1208/1385 368/1211/1386 369/1209/1387 363/1204/1388
f 361/304/1389 367/307/1390 368/308/1391 362/305/1392
f 366/1225/1393 372/1230/1394 367/1231/1395 361/1226/1396
f 371/1232/1397 372/1230/1398 366/1225/1399 365/1229/1400
f 370/321/1401 371/322/1402 365/319/1403 364/318/1404
f 356/1212/1405 355/1213/1406 370/1210/1407 369/1209/1408
f 368/1211/1409 357/1214/1410 356/1212/1411 369/1209/1412
f 367/307/1413 358/309/1414 357/310/1415 368/308/1416
f 372/1230/1417 359/1233/1418 358/1234/1419 367/1231/1420
f 360/1235/1421 359/1233/1422 372/1230/1423 371/1232/1424
f 355/323/1425 360/324/1426 371/322/1427 370/321/1428
f 356/1212/1429 386/1215/1430 387/1216/1431 355/1213/1432
f 357/1214/1433 385/1217/1434 386/1215/1435 356/1212/1436
f 358/309/1437 390/311/1438 385/312/1439 357/310/1440
f 359/1233/1441 389/1236/1442 390/1237/1443 358/1234/1444
f 360/1235/1445 388/1238/1446 389/1236/1447 359/1233/1448
f 355/323/1449 387/325/1450 388/326/1451 360/324/1452
f 381/1221/1453 382/1222/1454 376/1219/1455 375/1218/1456
f 380/1223/1457 381/1221/1458 375/1218/1459 374/1220/1460
f 379/315/1461 380/316/1462 374/314/1463 373/313/1464
f 384/1242/1465 379/1243/1466 373/1240/1467 378/1239/1468
f 383/1244/1469 384/1242/1470 378/1239/1471 377/1241/1472
f 382/329/1473 383/330/1474 377/328/1475 376/327/1476
f 375/1218/1477 376/1219/1478 387/1216/1479 386/1215/1480
f 374/1220/1481 375/1218/1482 386/1215/1483 385/1217/1484
f 373/313/1485 374/314/1486 385/312/1487 390/311/1488
f 378/1239/1489 373/1240/1490 390/1237/1491 389/1236/1492
f 377/1241/1493 378/1239/1494 389/1236/1495 388/1238/1496
f 376/327/1497 377/328/1498 388/326/1499 387/325/1500
f 392/331/1501 424/332/1502 425/333/1503 391/334/1504
f 393/335/1505 423/336/1506 424/332/1507 392/331/1508
f 394/1245/1509 422/1246/1510 423/1247/1511 393/1248/1512
f 395/343/1513 421/344/1514 422/345/1515 394/346/1516
f 396/347/1517 426/348/1518 421/344/1519 395/343/1520
f 391/1253/1521 425/1254/1522 426/1255/1523 396/1256/1524
f 404/355/1525 405/356/1526 410/357/1527 411/358/1528
f 405/1919/1529 406/1922/1530 415/1927/1531 410/1928/1532
f 406/365/1533 407/361/1534 414/364/1535 415/366/1536
f 407/361/1537 408/362/1538 413/363/1539 414/364/1540
f 408/1261/1541 409/1262/1542 412/1263/1543 413/1264/1544
f 409/359/1545 404/355/1546 411/358/1547 412/360/1548
f 392/1917/1549 391/1918/1550 405/1919/1551 404/1920/1552
f 391/1918/1553 396/1921/1554 406/1922/1555 405/1919/1556
f 396/1921/1557 395/1925/1558 407/1926/1559 406/1922/1560
f 395/1925/1561 394/1929/1562 408/1930/1563 407/1926/1564
f 394/1929/1565 393/1923/1566 409/1924/1567 408/1930/1568
f 393/1923/1569 392/1917/1570 404/1920/1571 409/1924/1572
f 399/1931/1573 398/1932/1574 411/1933/1575 410/1934/1576
f 398/1932/1577 403/1935/1578 412/1936/1579 411/1933/1580
f 403/1935/1581 402/1939/1582 413/1940/1583 412/1936/1584
f 402/1939/1585 401/1941/1586 414/1942/1587 413/1940/1588
f 401/1941/1589 400/1937/1590 415/1938/1591 414/1942/1592
f 400/1937/1593 399/1931/1594 410/1934/1595 415/1938/1596
f 397/1943/1597 419/1944/1598 420/1945/1599
f 397/1943/1600 416/1948/1601 417/1947/1602
f 397/1943/1603 417/1947/1604 418/1946/1605
f 397/1943/1606 418/1946/1607 419/1944/1608
f 424/332/1609 430/337/1610 431/338/1611 425/333/1612
f 423/336/1613 429/339/1614 430/337/1615 424/332/1616
f 422/1246/1617 428/1249/1618 429/1250/1619 423/1247/1620
f 427/349/1621 428/350/1622 422/345/1623 421/344/1624
f 432/351/1625 427/349/1626 421/344/1627 426/348/1628
f 431/1257/1629 432/1258/1630 426/1255/1631 425/1254/1632
f 430/337/1633 416/340/1634 397/341/1635 431/338/1636
f 429/339/1637 417/342/1638 416/340/1639 430/337/1640
f 428/1249/1641 418/1251/1642 417/1252/1643 429/1250/1644
f 419/352/1645 418/353/1646 428/350/1647 427/349/1648
f 420/354/1649 419/352/1650 427/349/1651 432/351/1652
f 397/1259/1653 420/1260/1654 432/1258/1655 431/1257/1656
f 399/367/1657 441/368/1658 442/369/1659 398/370/1660
f 400/1265/1661 440/1266/1662 441/1267/1663 399/1268/1664
f 401/391/1665 439/390/1666 440/394/1667 400/395/1668
f 402/388/1669 444/389/1670 439/390/1671 401/391/1672
f 403/1279/1673 443/1280/1674 444/1281/1675 402/1282/1676
f 398/370/1677 442/369/1678 443/373/1679 403/374/1680
f 447/371/1681 448/372/1682 442/369/1683 441/368/1684
f 440/1266/1685 446/1269/1686 447/1270/1687 441/1267/1688
f 439/390/1689 445/393/1690 446/398/1691 440/394/1692
f 444/389/1693 450/392/1694 445/393/1695 439/390/1696
f 449/1283/1697 450/1284/1698 444/1281/1699 443/1280/1700
f 448/372/1701 449/377/1702 443/373/1703 442/369/1704
f 434/375/1705 433/376/1706 448/372/1707 447/371/1708
f 446/1269/1709 435/1271/1710 434/1272/1711 447/1270/1712
f 445/393/1713 436/397/1714 435/401/1715 446/398/1716
f 450/392/1717 437/396/1718 436/397/1719 445/393/1720
f 438/1285/1721 437/1286/1722 450/1284/1723 449/1283/1724
f 433/376/1725 438/380/1726 449/377/1727 448/372/1728
f 434/375/1729 464/378/1730 465/379/1731 433/376/1732
f 435/1271/1733 463/1273/1734 464/1274/1735 434/1272/1736
f 436/397/1737 468/400/1738 463/404/1739 435/401/1740
f 437/396/1741 467/399/1742 468/400/1743 436/397/1744
f 438/1285/1745 466/1287/1746 467/1288/1747 437/1286/1748
f 433/376/1749 465/379/1750 466/383/1751 438/380/1752
f 459/384/1753 460/385/1754 454/382/1755 453/381/1756
f 458/1277/1757 459/1278/1758 453/1276/1759 452/1275/1760
f 457/406/1761 458/408/1762 452/407/1763 451/403/1764
f 462/405/1765 457/406/1766 451/403/1767 456/402/1768
f 461/1291/1769 462/1292/1770 456/1290/1771 455/1289/1772
f 460/385/1773 461/387/1774 455/386/1775 454/382/1776
f 453/381/1777 454/382/1778 465/379/1779 464/378/1780
f 452/1275/1781 453/1276/1782 464/1274/1783 463/1273/1784
f 451/403/1785 452/407/1786 463/404/1787 468/400/1788
f 456/402/1789 451/403/1790 468/400/1791 467/399/1792
f 455/1289/1793 456/1290/1794 467/1288/1795 466/1287/1796
f 454/382/1797 455/386/1798 466/383/1799 465/379/1800
f 470/409/1801 502/410/1802 503/411/1803 469/412/1804
f 471/413/1805 501/414/1806 502/410/1807 470/409/1808
f 472/1293/1809 500/1294/1810 501/1295/1811 471/1296/1812
f 473/421/1813 499/422/1814 500/423/1815 472/424/1816
f 474/425/1817 504/426/1818 499/422/1819 473/421/1820
f 469/1301/1821 503/1302/1822 504/1303/1823 474/1304/1824
f 482/433/1825 483/434/1826 488/435/1827 489/436/1828
f 483/1951/1829 484/1954/1830 493/1959/1831 488/1960/1832
f 484/443/1833 485/439/1834 492/442/1835 493/444/1836
f 485/439/1837 486/440/1838 491/441/1839 492/442/1840
f 486/1309/1841 487/1310/1842 490/1311/1843 491/1312/1844
f 487/437/1845 482/433/1846 489/436/1847 490/438/1848
f 470/1949/1849 469/1950/1850 483/1951/1851 482/1952/1852
f 469/1950/1853 474/1953/1854 484/1954/1855 483/1951/1856
f 474/1953/1857 473/1957/1858 485/1958/1859 484/1954/1860
f 473/1957/1861 472/1961/1862 486/1962/1863 485/1958/1864
f 472/1961/1865 471/1955/1866 487/1956/1867 486/1962/1868
f 471/1955/1869 470/1949/1870 482/1952/1871 487/1956/1872
f 477/1963/1873 476/1964/1874 489/1965/1875 488/1966/1876
f 476/1964/1877 481/1967/1878 490/1968/1879 489/1965/1880
f 481/1967/1881 480/1971/1882 491/1972/1883 490/1968/1884
f 480/1971/1885 479/1973/1886 492/1974/1887 491/1972/1888
f 479/1973/1889 478/1969/1890 493/1970/1891 492/1974/1892
f 478/1969/1893 477/1963/1894 488/1966/1895 493/1970/1896
f 475/1975/1897 497/1976/1898 498/1977/1899
f 475/1975/1900 494/1980/1901 495/1979/1902
f 475/1975/1903 495/1979/1904 496/1978/1905
f 475/1975/1906 496/1978/1907 497/1976/1908
f 502/410/1909 508/415/1910 509/416/1911 503/411/1912
f 501/414/1913 507/417/1914 508/415/1915 502/410/1916
f 500/1294/1917 506/1297/1918 507/1298/1919 501/1295/1920
f 505/427/1921 506/428/1922 500/423/1923 499/422/1924
f 510/429/1925 505/427/1926 499/422/1927 504/426/1928
f 509/1305/1929 510/1306/1930 504/1303/1931 503/1302/1932
f 508/415/1933 494/418/1934 475/419/1935 509/416/1936
f 507/417/1937 495/420/1938 494/418/1939 508/415/1940
f 506/1297/1941 496/1299/1942 495/1300/1943 507/1298/1944
f 497/430/1945 496/431/1946 506/428/1947 505/427/1948
f 498/432/1949 497/430/1950 505/427/1951 510/429/1952
f 475/1307/1953 498/1308/1954 510/1306/1955 509/1305/1956
f 477/445/1957 519/446/1958 520/447/1959 476/448/1960
f 478/1313/1961 518/1314/1962 519/1315/1963 477/1316/1964
f 479/469/1965 517/468/1966 518/472/1967 478/473/1968
f 480/466/1969 522/467/1970 517/468/1971 479/469/1972
f 481/1327/1973 521/1328/1974 522/1329/1975 480/1330/1976
f 476/448/1977 520/447/1978 521/451/1979 481/452/1980
f 525/449/1981 526/450/1982 520/447/1983 519/446/1984
f 518/1314/1985 524/1317/1986 525/1318/1987 519/1315/1988
f 517/468/1989 523/471/1990 524/476/1991 518/472/1992
f 522/467/1993 528/470/1994 523/471/1995 517/468/1996
f 527/1331/1997 528/1332/1998 522/1329/1999 521/1328/2000
f 526/450/2001 527/455/2002 521/451/2003 520/447/2004
f 512/453/2005 511/454/2006 526/450/2007 525/449/2008
f 524/1317/2009 513/1319/2010 512/1320/2011 525/1318/2012
f 523/471/2013 514/475/2014 513/479/2015 524/476/2016
f 528/470/2017 515/474/2018 514/475/2019 523/471/2020
f 516/1333/2021 515/1334/2022 528/1332/2023 527/1331/2024
f 511/454/2025 516/458/2026 527/455/2027 526/450/2028
f 512/453/2029 542/456/2030 543/457/2031 511/454/2032
f 513/1319/2033 541/1321/2034 542/1322/2035 512/1320/2036
f 514/475/2037 546/478/2038 541/482/2039 513/479/2040
f 515/474/2041 545/477/2042 546/478/2043 514/475/2044
f 516/1333/2045 544/1335/2046 545/1336/2047 515/1334/2048
f 511/454/2049 543/457/2050 544/461/2051 516/458/2052
f 537/462/2053 538/463/2054 532/460/2055 531/459/2056
f 536/1325/2057 537/1326/2058 531/1324/2059 530/1323/2060
f 535/484/2061 536/486/2062 530/485/2063 529/481/2064
f 540/483/2065 535/484/2066 529/481/2067 534/480/2068
f 539/1339/2069 540/1340/2070 534/1338/2071 533/1337/2072
f 538/463/2073 539/465/2074 533/464/2075 532/460/2076
f 531/459/2077 532/460/2078 543/457/2079 542/456/2080
f 530/1323/2081 531/1324/2082 542/1322/2083 541/1321/2084
f 529/481/2085 530/485/2086 541/482/2087 546/478/2088
f 534/480/2089 529/481/2090 546/478/2091 545/477/2092
f 533/1337/2093 534/1338/2094 545/1336/2095 544/1335/2096
f 532/460/2097 533/464/2098 544/461/2099 543/457/2100
f 548/1341/2101 580/1342/2102 581/1343/2103 547/1344/2104
f 549/487/2105 579/488/2106 580/489/2107 548/490/2108
f 550/1353/2109 578/1354/2110 579/1355/2111 549/1356/2112
f 551/1357/2113 577/1358/2114 578/1354/2115 550/1353/2116
f 552/495/2117 582/496/2118 577/497/2119 551/498/2120
f 547/1344/2121 581/1343/2122 582/1347/2123 552/1348/2124
f 560/1365/2125 561/1366/2126 566/1367/2127 567/1368/2128
f 561/1366/2129 562/1369/2130 571/1370/2131 566/1367/2132
f 562/1986/2133 563/1990/2134 570/1993/2135 571/1994/2136
f 563/1371/2137 564/1372/2138 569/1373/2139 570/1374/2140
f 564/1372/2141 565/1375/2142 568/1376/2143 569/1373/2144
f 565/503/2145 560/504/2146 567/505/2147 568/506/2148
f 548/1981/2149 547/1982/2150 561/1983/2151 560/1984/2152
f 547/1982/2153 552/1985/2154 562/1986/2155 561/1983/2156
f 552/1985/2157 551/1989/2158 563/1990/2159 562/1986/2160
f 551/1989/2161 550/1991/2162 564/1992/2163 563/1990/2164
f 550/1991/2165 549/1987/2166 565/1988/2167 564/1992/2168
f 549/1987/2169 548/1981/2170 560/1984/2171 565/1988/2172
f 555/1995/2173 554/1996/2174 567/1997/2175 566/1998/2176
f 554/1996/2177 559/1999/2178 568/2000/2179 567/1997/2180
f 559/1999/2181 558/2003/2182 569/2004/2183 568/2000/2184
f 558/2003/2185 557/2005/2186 570/2006/2187 569/2004/2188
f 557/2005/2189 556/2001/2190 571/2002/2191 570/2006/2192
f 556/2001/2193 555/1995/2194 566/1998/2195 571/2002/2196
f 553/2007/2197 575/2008/2198 576/2009/2199
f 553/2007/2200 572/2012/2201 573/2011/2202
f 553/2007/2203 573/2011/2204 574/2010/2205
f 553/2007/2206 574/2010/2207 575/2008/2208
f 580/1342/2209 586/1345/2210 587/1346/2211 581/1343/2212
f 579/488/2213 585/491/2214 586/492/2215 580/489/2216
f 578/1354/2217 584/1359/2218 585/1360/2219 579/1355/2220
f 583/1361/2221 584/1359/2222 578/1354/2223 577/1358/2224
f 588/499/2225 583/500/2226 577/497/2227 582/496/2228
f 587/1346/2229 588/1351/2230 582/1347/2231 581/1343/2232
f 586/1345/2233 572/1349/2234 553/1350/2235 587/1346/2236
f 585/491/2237 573/493/2238 572/494/2239 586/492/2240
f 584/1359/2241 574/1362/2242 573/1363/2243 585/1360/2244
f 575/1364/2245 574/1362/2246 584/1359/2247 583/1361/2248
f 576/501/2249 575/502/2250 583/500/2251 588/499/2252
f 553/1350/2253 576/1352/2254 588/1351/2255 587/1346/2256
f 555/1377/2257 597/1378/2258 598/1379/2259 554/1380/2260
f 556/1381/2261 596/1382/2262 597/1378/2263 555/1377/2264
f 557/507/2265 595/508/2266 596/509/2267 556/510/2268
f 558/1398/2269 600/1399/2270 595/1400/2271 557/1401/2272
f 559/1402/2273 599/1403/2274 600/1399/2275 558/1398/2276
f 554/521/2277 598/522/2278 599/523/2279 559/524/2280
f 603/1383/2281 604/1384/2282 598/1379/2283 597/1378/2284
f 596/1382/2285 602/1385/2286 603/1383/2287 597/1378/2288
f 595/508/2289 601/511/2290 602/512/2291 596/509/2292
f 600/1399/2293 606/1404/2294 601/1405/2295 595/1400/2296
f 605/1406/2297 606/1404/2298 600/1399/2299 599/1403/2300
f 604/525/2301 605/526/2302 599/523/2303 598/522/2304
f 590/1386/2305 589/1387/2306 604/1384/2307 603/1383/2308
f 602/1385/2309 591/1388/2310 590/1386/2311 603/1383/2312
f 601/511/2313 592/513/2314 591/514/2315 602/512/2316
f 606/1404/2317 593/1407/2318 592/1408/2319 601/1405/2320
f 594/1409/2321 593/1407/2322 606/1404/2323 605/1406/2324
f 589/527/2325 594/528/2326 605/526/2327 604/525/2328
f 590/1386/2329 620/1389/2330 621/1390/2331 589/1387/2332
f 591/1388/2333 619/1391/2334 620/1389/2335 590/1386/2336
f 592/513/2337 624/515/2338 619/516/2339 591/514/2340
f 593/1407/2341 623/1410/2342 624/1411/2343 592/1408/2344
f 594/1409/2345 622/1412/2346 623/1410/2347 593/1407/2348
f 589/527/2349 621/529/2350 622/530/2351 594/528/2352
f 615/1395/2353 616/1396/2354 610/1393/2355 609/1392/2356
f 614/1397/2357 615/1395/2358 609/1392/2359 608/1394/2360
f 613/519/2361 614/520/2362 608/518/2363 607/517/2364
f 618/1416/2365 613/1417/2366 607/1414/2367 612/1413/2368
f 617/1418/2369 618/1416/2370 612/1413/2371 611/1415/2372
f 616/533/2373 617/534/2374 611/532/2375 610/531/2376
f 609/1392/2377 610/1393/2378 621/1390/2379 620/1389/2380
f 608/1394/2381 609/1392/2382 620/1389/2383 619/1391/2384
f 607/517/2385 608/518/2386 619/516/2387 624/515/2388
f 612/1413/2389 607/1414/2390 624/1411/2391 623/1410/2392
f 611/1415/2393 612/1413/2394 623/1410/2395 622/1412/2396
f 610/531/2397 611/532/2398 622/530/2399 621/529/2400
f 626/535/2401 658/536/2402 659/537/2403 625/538/2404
f 627/539/2405 657/540/2406 658/536/2407 626/535/2408
f 628/1419/2409 656/1420/2410 657/1421/2411 627/1422/2412
f 629/547/2413 655/548/2414 656/549/2415 628/550/2416
f 630/551/2417 660/552/2418 655/548/2419 629/547/2420
f 625/1427/2421 659/1428/2422 660/1429/2423 630/1430/2424
f 638/559/2425 639/560/2426 644/561/2427 645/562/2428
f 639/2015/2429 640/2018/2430 649/2023/2431 644/2024/2432
f 640/569/2433 641/565/2434 648/568/2435 649/570/2436
f 641/565/2437 642/566/2438 647/567/2439 648/568/2440
f 642/1435/2441 643/1436/2442 646/1437/2443 647/1438/2444
f 643/563/2445 638/559/2446 645/562/2447 646/564/2448
f 626/2013/2449 625/2014/2450 639/2015/2451 638/2016/2452
f 625/2014/2453 630/2017/2454 640/2018/2455 639/2015/2456
f 630/2017/2457 629/2021/2458 641/2022/2459 640/2018/2460
f 629/2021/2461 628/2025/2462 642/2026/2463 641/2022/2464
f 628/2025/2465 627/2019/2466 643/2020/2467 642/2026/2468
f 627/2019/2469 626/2013/2470 638/2016/2471 643/2020/2472
f 633/2027/2473 632/2028/2474 645/2029/2475 644/2030/2476
f 632/2028/2477 637/2031/2478 646/2032/2479 645/2029/2480
f 637/2031/2481 636/2035/2482 647/2036/2483 646/2032/2484
f 636/2035/2485 635/2037/2486 648/2038/2487 647/2036/2488
f 635/2037/2489 634/2033/2490 649/2034/2491 648/2038/2492
f 634/2033/2493 633/2027/2494 644/2030/2495 649/2034/2496
f 631/2039/2497 653/2040/2498 654/2041/2499
f 631/2039/2500 650/2044/2501 651/2043/2502
f 631/2039/2503 651/2043/2504 652/2042/2505
f 631/2039/2506 652/2042/2507 653/2040/2508
f 658/536/2509 664/541/2510 665/542/2511 659/537/2512
f 657/540/2513 663/543/2514 664/541/2515 658/536/2516
f 656/1420/2517 662/1423/2518 663/1424/2519 657/1421/2520
f 661/553/2521 662/554/2522 656/549/2523 655/548/2524
f 666/555/2525 661/553/2526 655/548/2527 660/552/2528
f 665/1431/2529 666/1432/2530 660/1429/2531 659/1428/2532
f 664/541/2533 650/544/2534 631/545/2535 665/542/2536
f 663/543/2537 651/546/2538 650/544/2539 664/541/2540
f 662/1423/2541 652/1425/2542 651/1426/2543 663/1424/2544
f 653/556/2545 652/557/2546 662/554/2547 661/553/2548
f 654/558/2549 653/556/2550 661/553/2551 666/555/2552
f 631/1433/2553 654/1434/2554 666/1432/2555 665/1431/2556
f 633/571/2557 675/572/2558 676/573/2559 632/574/2560
f 634/1439/2561 674/1440/2562 675/1441/2563 633/1442/2564
f 635/595/2565 673/594/2566 674/598/2567 634/599/2568
f 636/592/2569 678/593/2570 673/594/2571 635/595/2572
f 637/1453/2573 677/1454/2574 678/1455/2575 636/1456/2576
f 632/574/2577 676/573/2578 677/577/2579 637/578/2580
f 681/575/2581 682/576/2582 676/573/2583 675/572/2584
f 674/1440/2585 680/1443/2586 681/1444/2587 675/1441/2588
f 673/594/2589 679/597/2590 680/602/2591 674/598/2592
f 678/593/2593 684/596/2594 679/597/2595 673/594/2596
f 683/1457/2597 684/1458/2598 678/1455/2599 677/1454/2600
f 682/576/2601 683/581/2602 677/577/2603 676/573/2604
f 668/579/2605 667/580/2606 682/576/2607 681/575/2608
f 680/1443/2609 669/1445/2610 668/1446/2611 681/1444/2612
f 679/597/2613 670/601/2614 669/605/2615 680/602/2616
f 684/596/2617 671/600/2618 670/601/2619 679/597/2620
f 672/1459/2621 671/1460/2622 684/1458/2623 683/1457/2624
f 667/580/2625 672/584/2626 683/581/2627 682/576/2628
f 668/579/2629 698/582/2630 699/583/2631 667/580/2632
f 669/1445/2633 697/1447/2634 698/1448/2635 668/1446/2636
f 670/601/2637 702/604/2638 697/608/2639 669/605/2640
f 671/600/2641 701/603/2642 702/604/2643 670/601/2644
f 672/1459/2645 700/1461/2646 701/1462/2647 671/1460/2648
f 667/580/2649 699/583/2650 700/587/2651 672/584/2652
f 693/588/2653 694/589/2654 688/586/2655 687/585/2656
f 692/1451/2657 693/1452/2658 687/1450/2659 686/1449/2660
f 691/610/2661 692/612/2662 686/611/2663 685/607/2664
f 696/609/2665 691/610/2666 685/607/2667 690/606/2668
f 695/1465/2669 696/1466/2670 690/1464/2671 689/1463/2672
f 694/589/2673 695/591/2674 689/590/2675 688/586/2676
f 687/585/2677 688/586/2678 699/583/2679 698/582/2680
f 686/1449/2681 687/1450/2682 698/1448/2683 697/1447/2684
f 685/607/2685 686/611/2686 697/608/2687 702/604/2688
f 690/606/2689 685/607/2690 702/604/2691 701/603/2692
f 689/1463/2693 690/1464/2694 701/1462/2695 700/1461/2696
f 688/586/2697 689/590/2698 700/587/2699 699/583/2700
f 704/613/2701 736/614/2702 737/615/2703 703/616/2704
f 705/617/2705 735/618/2706 736/614/2707 704/613/2708
f 706/1467/2709 734/1468/2710 735/1469/2711 705/1470/2712
f 707/625/2713 733/626/2714 734/627/2715 706/628/2716
f 708/629/2717 738/630/2718 733/626/2719 707/625/2720
f 703/1475/2721 737/1476/2722 738/1477/2723 708/1478/2724
f 716/637/2725 717/638/2726 722/639/2727 723/640/2728
f 717/2047/2729 718/2050/2730 727/2055/2731 722/2056/2732
f 718/647/2733 719/643/2734 726/646/2735 727/648/2736
f 719/643/2737 720/644/2738 725/645/2739 726/646/2740
f 720/1483/2741 721/1484/2742 724/1485/2743 725/1486/2744
f 721/641/2745 716/637/2746 723/640/2747 724/642/2748
f 704/2045/2749 703/2046/2750 717/2047/2751 716/2048/2752
f 703/2046/2753 708/2049/2754 718/2050/2755 717/2047/2756
f 708/2049/2757 707/2053/2758 719/2054/2759 718/2050/2760
f 707/2053/2761 706/2057/2762 720/2058/2763 719/2054/2764
f 706/2057/2765 705/2051/2766 721/2052/2767 720/2058/2768
f 705/2051/2769 704/2045/2770 716/2048/2771 721/2052/2772
f 711/2059/2773 710/2060/2774 723/2061/2775 722/2062/2776
f 710/2060/2777 715/2063/2778 724/2064/2779 723/2061/2780
f 715/2063/2781 714/2067/2782 725/2068/2783 724/2064/2784
f 714/2067/2785 713/2069/2786 726/2070/2787 725/2068/2788
f 713/2069/2789 712/2065/2790 727/2066/2791 726/2070/2792
f 712/2065/2793 711/2059/2794 722/2062/2795 727/2066/2796
f 709/2071/2797 731/2072/2798 732/2073/2799
f 709/2071/2800 728/2076/2801 729/2075/2802
f 709/2071/2803 729/2075/2804 730/2074/2805
f 709/2071/2806 730/2074/2807 731/2072/2808
f 736/614/2809 742/619/2810 743/620/2811 737/615/2812
f 735/618/2813 741/621/2814 742/619/2815 736/614/2816
f 734/1468/2817 740/1471/2818 741/1472/2819 735/1469/2820
f 739/631/2821 740/632/2822 734/627/2823 733/626/2824
f 744/633/2825 739/631/2826 733/626/2827 738/630/2828
f 743/1479/2829 744/1480/2830 738/1477/2831 737/1476/2832
f 742/619/2833 728/622/2834 709/623/2835 743/620/2836
f 741/621/2837 729/624/2838 728/622/2839 742/619/2840
f 740/1471/2841 730/1473/2842 729/1474/2843 741/1472/2844
f 731/634/2845 730/635/2846 740/632/2847 739/631/2848
f 732/636/2849 731/634/2850 739/631/2851 744/633/2852
f 709/1481/2853 732/1482/2854 744/1480/2855 743/1479/2856
f 711/649/2857 753/650/2858 754/651/2859 710/652/2860
f 712/1487/2861 752/1488/2862 753/1489/2863 711/1490/2864
f 713/673/2865 751/672/2866 752/676/2867 712/677/2868
f 714/670/2869 756/671/2870 751/672/2871 713/673/2872
f 715/1501/2873 755/1502/2874 756/1503/2875 714/1504/2876
f 710/652/2877 754/651/2878 755/655/2879 715/656/2880
f 759/653/2881 760/654/2882 754/651/2883 753/650/2884
f 752/1488/2885 758/1491/2886 759/1492/2887 753/1489/2888
f 751/672/2889 757/675/2890 758/680/2891 752/676/2892
f 756/671/2893 762/674/2894 757/675/2895 751/672/2896
f 761/1505/2897 762/1506/2898 756/1503/2899 755/1502/2900
f 760/654/2901 761/659/2902 755/655/2903 754/651/2904
f 746/657/2905 745/658/2906 760/654/2907 759/653/2908
f 758/1491/2909 747/1493/2910 746/1494/2911 759/1492/2912
f 757/675/2913 748/679/2914 747/683/2915 758/680/2916
f 762/674/2917 749/678/2918 748/679/2919 757/675/2920
f 750/1507/2921 749/1508/2922 762/1506/2923 761/1505/2924
f 745/658/2925 750/662/2926 761/659/2927 760/654/2928
f 746/657/2929 776/660/2930 777/661/2931 745/658/2932
f 747/1493/2933 775/1495/2934 776/1496/2935 746/1494/2936
f 748/679/2937 780/682/2938 775/686/2939 747/683/2940
f 749/678/2941 779/681/2942 780/682/2943 748/679/2944
f 750/1507/2945 778/1509/2946 779/1510/2947 749/1508/2948
f 745/658/2949 777/661/2950 778/665/2951 750/662/2952
f 771/666/2953 772/667/2954 766/664/2955 765/663/2956
f 770/1499/2957 771/1500/2958 765/1498/2959 764/1497/2960
f 769/688/2961 770/690/2962 764/689/2963 763/685/2964
f 774/687/2965 769/688/2966 763/685/2967 768/684/2968
f 773/1513/2969 774/1514/2970 768/1512/2971 767/1511/2972
f 772/667/2973 773/669/2974 767/668/2975 766/664/2976
f 765/663/2977 766/664/2978 777/661/2979 776/660/2980
f 764/1497/2981 765/1498/2982 776/1496/2983 775/1495/2984
f 763/685/2985 764/689/2986 775/686/2987 780/682/2988
f 768/684/2989 763/685/2990 780/682/2991 779/681/2992
f 767/1511/2993 768/1512/2994 779/1510/2995 778/1509/2996
f 766/664/2997 767/668/2998 778/665/2999 777/661/3000
f 782/1515/3001 814/1516/3002 815/1517/3003 781/1518/3004
f 783/691/3005 813/692/3006 814/693/3007 782/694/3008
f 784/1527/3009 812/1528/3010 813/1529/3011 783/1530/3012
f 785/1531/3013 811/1532/3014 812/1528/3015 784/1527/3016
f 786/699/3017 816/700/3018 811/701/3019 785/702/3020
f 781/1518/3021 815/1517/3022 816/1521/3023 786/1522/3024
f 794/1539/3025 795/1540/3026 800/1541/3027 801/1542/3028
f 795/1540/3029 796/1543/3030 805/1544/3031 800/1541/3032
f 796/2082/3033 797/2086/3034 804/2089/3035 805/2090/3036
f 797/1545/3037 798/1546/3038 803/1547/3039 804/1548/3040
f 798/1546/3041 799/1549/3042 802/1550/3043 803/1547/3044
f 799/707/3045 794/708/3046 801/709/3047 802/710/3048
f 782/2077/3049 781/2078/3050 795/2079/3051 794/2080/3052
f 781/2078/3053 786/2081/3054 796/2082/3055 795/2079/3056
f 786/2081/3057 785/2085/3058 797/2086/3059 796/2082/3060
f 785/2085/3061 784/2087/3062 798/2088/3063 797/2086/3064
f 784/2087/3065 783/2083/3066 799/2084/3067 798/2088/3068
f 783/2083/3069 782/2077/3070 794/2080/3071 799/2084/3072
f 789/2091/3073 788/2092/3074 801/2093/3075 800/2094/3076
f 788/2092/3077 793/2095/3078 802/2096/3079 801/2093/3080
f 793/2095/3081 792/2099/3082 803/2100/3083 802/2096/3084
f 792/2099/3085 791/2101/3086 804/2102/3087 803/2100/3088
f 791/2101/3089 790/2097/3090 805/2098/3091 804/2102/3092
f 790/2097/3093 789/2091/3094 800/2094/3095 805/2098/3096
f 787/2103/3097 809/2104/3098 810/2105/3099
f 787/2103/3100 806/2108/3101 807/2107/3102
f 787/2103/3103 807/2107/3104 808/2106/3105
f 787/2103/3106 808/2106/3107 809/2104/3108
f 814/1516/3109 820/1519/3110 821/1520/3111 815/1517/3112
f 813/692/3113 819/695/3114 820/696/3115 814/693/3116
f 812/1528/3117 818/1533/3118 819/1534/3119 813/1529/3120
f 817/1535/3121 818/1533/3122 812/1528/3123 811/1532/3124
f 822/703/3125 817/704/3126 811/701/3127 816/700/3128
f 821/1520/3129 822/1525/3130 816/1521/3131 815/1517/3132
f 820/1519/3133 806/1523/3134 787/1524/3135 821/1520/3136
f 819/695/3137 807/697/3138 806/698/3139 820/696/3140
f 818/1533/3141 808/1536/3142 807/1537/3143 819/1534/3144
f 809/1538/3145 808/1536/3146 818/1533/3147 817/1535/3148
f 810/705/3149 809/706/3150 817/704/3151 822/703/3152
f 787/1524/3153 810/1526/3154 822/1525/3155 821/1520/3156
f 789/1551/3157 831/1552/3158 832/1553/3159 788/1554/3160
f 790/1555/3161 830/1556/3162 831/1552/3163 789/1551/3164
f 791/711/3165 829/712/3166 830/713/3167 790/714/3168
f 792/1572/3169 834/1573/3170 829/1574/3171 791/1575/3172
f 793/1576/3173 833/1577/3174 834/1573/3175 792/1572/3176
f 788/725/3177 832/726/3178 833/727/3179 793/728/3180
f 837/1557/3181 838/1558/3182 832/1553/3183 831/1552/3184
f 830/1556/3185 836/1559/3186 837/1557/3187 831/1552/3188
f 829/712/3189 835/715/3190 836/716/3191 830/713/3192
f 834/1573/3193 840/1578/3194 835/1579/3195 829/1574/3196
f 839/1580/3197 840/1578/3198 834/1573/3199 833/1577/3200
f 838/729/3201 839/730/3202 833/727/3203 832/726/3204
f 824/1560/3205 823/1561/3206 838/1558/3207 837/1557/3208
f 836/1559/3209 825/1562/3210 824/1560/3211 837/1557/3212
f 835/715/3213 826/717/3214 825/718/3215 836/716/3216
f 840/1578/3217 827/1581/3218 826/1582/3219 835/1579/3220
f 828/1583/3221 827/1581/3222 840/1578/3223 839/1580/3224
f 823/731/3225 828/732/3226 839/730/3227 838/729/3228
f 824/1560/3229 854/1563/3230 855/1564/3231 823/1561/3232
f 825/1562/3233 853/1565/3234 854/1563/3235 824/1560/3236
f 826/717/3237 858/719/3238 853/720/3239 825/718/3240
f 827/1581/3241 857/1584/3242 858/1585/3243 826/1582/3244
f 828/1583/3245 856/1586/3246 857/1584/3247 827/1581/3248
f 823/731/3249 855/733/3250 856/734/3251 828/732/3252
f 849/1569/3253 850/1570/3254 844/1567/3255 843/1566/3256
f 848/1571/3257 849/1569/3258 843/1566/3259 842/1568/3260
f 847/723/3261 848/724/3262 842/722/3263 841/721/3264
f 852/1590/3265 847/1591/3266 841/1588/3267 846/1587/3268
f 851/1592/3269 852/1590/3270 846/1587/3271 845/1589/3272
f 850/737/3273 851/738/3274 845/736/3275 844/735/3276
f 843/1566/3277 844/1567/3278 855/1564/3279 854/1563/3280
f 842/1568/3281 843/1566/3282 854/1563/3283 853/1565/3284
f 841/721/3285 842/722/3286 853/720/3287 858/719/3288
f 846/1587/3289 841/1588/3290 858/1585/3291 857/1584/3292
f 845/1589/3293 846/1587/3294 857/1584/3295 856/1586/3296
f 844/735/3297 845/736/3298 856/734/3299 855/733/3300
f 867/2109/3301 868/2110/3302 869/2111/3303 870/2112/3304
f 859/739/3305 860/740/3306 864/741/3307 863/742/3308
f 860/1593/3309 862/1594/3310 866/1595/3311 864/1596/3312
f 862/745/3313 861/746/3314 865/747/3315 866/748/3316
f 861/1599/3317 859/1600/3318 863/1601/3319 865/1602/3320
f 863/742/3321 864/741/3322 868/743/3323 867/744/3324
f 864/1596/3325 866/1595/3326 869/1597/3327 868/1598/3328
f 866/748/3329 865/747/3330 870/749/3331 869/750/3332
f 865/1602/3333 863/1601/3334 867/1603/3335 870/1604/3336
f 879/2113/3337 880/2114/3338 881/2115/3339 882/2116/3340
f 871/751/3341 872/752/3342 876/753/3343 875/754/3344
f 872/1605/3345 874/1606/3346 878/1607/3347 876/1608/3348
f 874/757/3349 873/758/3350 877/759/3351 878/760/3352
f 873/1611/3353 871/1612/3354 875/1613/3355 877/1614/3356
f 875/754/3357 876/753/3358 880/755/3359 879/756/3360
f 876/1608/3361 878/1607/3362 881/1609/3363 880/1610/3364
f 878/760/3365 877/759/3366 882/761/3367 881/762/3368
f 877/1614/3369 875/1613/3370 879/1615/3371 882/1616/3372
f 891/2117/3373 892/2118/3374 893/2119/3375 894/2120/3376
f 883/763/3377 884/764/3378 888/765/3379 887/766/3380
f 884/1617/3381 886/1618/3382 890/1619/3383 888/1620/3384
f 886/769/3385 885/770/3386 889/771/3387 890/772/3388
f 885/1621/3389 883/1622/3390 887/1623/3391 889/1624/3392
f 887/766/3393 888/765/3394 892/767/3395 891/768/3396
f 888/2121/3397 890/2122/3398 893/2119/3399 892/2118/3400
f 890/772/3401 889/771/3402 894/773/3403 893/774/3404
f 889/2123/3405 887/2124/3406 891/2117/3407 894/2120/3408
f 903/2125/3409 904/2126/3410 905/2127/3411 906/2128/3412
f 895/775/3413 896/776/3414 900/777/3415 899/778/3416
f 896/1625/3417 898/1626/3418 902/1627/3419 900/1628/3420
f 898/779/3421 897/780/3422 901/781/3423 902/782/3424
f 897/1629/3425 895/1630/3426 899/1631/3427 901/1632/3428
f 899/2129/3429 900/2130/3430 904/2126/3431 903/2125/3432
f 900/2130/3433 902/2131/3434 905/2127/3435 904/2126/3436
f 902/2131/3437 901/2132/3438 906/2128/3439 905/2127/3440
f 901/2132/3441 899/2129/3442 903/2125/3443 906/2128/3444
f 915/2133/3445 916/2134/3446 917/2135/3447 918/2136/3448
f 907/783/3449 908/784/3450 912/785/3451 911/786/3452
f 908/1633/3453 910/1634/3454 914/1635/3455 912/1636/3456
f 910/789/3457 909/790/3458 913/791/3459 914/792/3460
f 909/1639/3461 907/1640/3462 911/1641/3463 913/1642/3464
f 911/786/3465 912/785/3466 916/787/3467 915/788/3468
f 912/1636/3469 914/1635/3470 917/1637/3471 916/1638/3472
f 914/792/3473 913/791/3474 918/793/3475 917/794/3476
f 913/1642/3477 911/1641/3478 915/1643/3479 918/1644/3480
f 927/2137/3481 928/2138/3482 929/2139/3483 930/2140/3484
f 919/795/3485 920/796/3486 924/797/3487 923/798/3488
f 920/1645/3489 922/1646/3490 926/1647/3491 924/1648/3492
f 922/801/3493 921/802/3494 925/803/3495 926/804/3496
f 921/1651/3497 919/1652/3498 923/1653/3499 925/1654/3500
f 923/798/3501 924/797/3502 928/799/3503 927/800/3504
f 924/1648/3505 926/1647/3506 929/1649/3507 928/1650/3508
f 926/804/3509 925/803/3510 930/805/3511 929/806/3512
f 925/1654/3513 923/1653/3514 927/1655/3515 930/1656/3516
f 939/2141/3517 940/2142/3518 941/2143/3519 942/2144/3520
f 931/807/3521 932/808/3522 936/809/3523 935/810/3524
f 932/1657/3525 934/1658/3526 938/1659/3527 936/1660/3528
f 934/813/3529 933/814/3530 937/815/3531 938/816/3532
f 933/1663/3533 931/1664/3534 935/1665/3535 937/1666/3536
f 935/810/3537 936/809/3538 940/811/3539 939/812/3540
f 936/1660/3541 938/1659/3542 941/1661/3543 940/1662/3544
f 938/816/3545 937/815/3546 942/817/3547 941/818/3548
f 937/1666/3549 935/1665/3550 939/1667/3551 942/1668/3552
f 951/2145/3553 952/2146/3554 953/2147/3555 954/2148/3556
f 943/819/3557 944/820/3558 948/821/3559 947/822/3560
f 944/1669/3561 946/1670/3562 950/1671/3563 948/1672/3564
f 946/825/3565 945/826/3566 949/827/3567 950/828/3568
f 945/1673/3569 943/1674/3570 947/1675/3571 949/1676/3572
f 947/822/3573 948/821/3574 952/823/3575 951/824/3576
f 948/2149/3577 950/2150/3578 953/2147/3579 952/2146/3580
f 950/828/3581 949/827/3582 954/829/3583 953/830/3584
f 949/2151/3585 947/2152/3586 951/2145/3587 954/2148/3588
f 963/2153/3589 964/2154/3590 965/2155/3591 966/2156/3592
f 955/831/3593 956/832/3594 960/833/3595 959/834/3596
f 956/1677/3597 958/1678/3598 962/1679/3599 960/1680/3600
f 958/835/3601 957/836/3602 961/837/3603 962/838/3604
f 957/1681/3605 955/1682/3606 959/1683/3607 961/1684/3608
f 959/2157/3609 960/2158/3610 964/2154/3611 963/2153/3612
f 960/2158/3613 962/2159/3614 965/2155/3615 964/2154/3616
f 962/2159/3617 961/2160/3618 966/2156/3619 965/2155/3620
f 961/2160/3621 959/2157/3622 963/2153/3623 966/2156/3624
f 975/2161/3625 976/2162/3626 977/2163/3627 978/2164/3628
f 967/839/3629 968/840/3630 972/841/3631 971/842/3632
f 968/1685/3633 970/1686/3634 974/1687/3635 972/1688/3636
f 970/845/3637 969/846/3638 973/847/3639 974/848/3640
f 969/1691/3641 967/1692/3642 971/1693/3643 973/1694/3644
f 971/842/3645 972/841/3646 976/843/3647 975/844/3648
f 972/1688/3649 974/1687/3650 977/1689/3651 976/1690/3652
f 974/848/3653 973/847/3654 978/849/3655 977/850/3656
f 973/1694/3657 971/1693/3658 975/1695/3659 978/1696/3660
f 987/2165/3661 988/2166/3662 989/2167/3663 990/2168/3664
f 979/851/3665 980/852/3666 984/853/3667 983/854/3668
f 980/1697/3669 982/1698/3670 986/1699/3671 984/1700/3672
f 982/857/3673 981/858/3674 985/859/3675 986/860/3676
f 981/1703/3677 979/1704/3678 983/1705/3679 985/1706/3680
f 983/854/3681 984/853/3682 988/855/3683 987/856/3684
f 984/1700/3685 986/1699/3686 989/1701/3687 988/1702/3688
f 986/860/3689 985/859/3690 990/861/3691 989/862/3692
f 985/1706/3693 983/1705/3694 987/1707/3695 990/1708/3696
f 999/2169/3697 1000/2170/3698 1001/2171/3699 1002/2172/3700
f 991/863/3701 992/864/3702 996/865/3703 995/866/3704
f 992/1709/3705 994/1710/3706 998/1711/3707 996/1712/3708
f 994/869/3709 993/870/3710 997/871/3711 998/872/3712
f 993/1715/3713 991/1716/3714 995/1717/3715 997/1718/3716
f 995/866/3717 996/865/3718 1000/867/3719 999/868/3720
f 996/1712/3721 998/1711/3722 1001/1713/3723 1000/1714/3724
f 998/872/3725 997/871/3726 1002/873/3727 1001/874/3728
f 997/1718/3729 995/1717/3730 999/1719/3731 1002/1720/3732
f 1007/2173/3733 1008/2174/3734 1009/2175/3735 1010/2176/3736
f 1003/875/3737 1006/876/3738 1011/877/3739 1012/878/3740
f 1006/1721/3741 1005/1722/3742 1013/1723/3743 1011/1724/3744
f 1005/881/3745 1004/882/3746 1014/883/3747 1013/884/3748
f 1004/1727/3749 1003/1728/3750 1012/1729/3751 1014/1730/3752
f 1012/878/3753 1011/877/3754 1008/879/3755 1007/880/3756
f 1011/1724/3757 1013/1723/3758 1009/1725/3759 1008/1726/3760
f 1013/884/3761 1014/883/3762 1010/885/3763 1009/886/3764
f 1014/1730/3765 1012/1729/3766 1007/1731/3767 1010/1732/3768
f 1019/2177/3769 1020/2178/3770 1021/2179/3771 1022/2180/3772
f 1015/887/3773 1018/888/3774 1023/889/3775 1024/890/3776
f 1018/888/3777 1017/891/3778 1025/892/3779 1023/889/3780
f 1017/891/3781 1016/895/3782 1026/896/3783 1025/892/3784
f 1016/895/3785 1015/887/3786 1024/890/3787 1026/896/3788
f 1024/890/3789 1023/889/3790 1020/893/3791 1019/894/3792
f 1023/2181/3793 1025/2182/3794 1021/2179/3795 1020/2178/3796
f 1025/2182/3797 1026/2183/3798 1022/2180/3799 1021/2179/3800
f 1026/2183/3801 1024/2184/3802 1019/2177/3803 1022/2180/3804
f 1028/2185/3805 1029/2186/3806 1030/2187/3807 1027/2188/3808
f 1032/897/3809 1028/898/3810 1027/899/3811 1031/900/3812
f 1034/903/3813 1032/897/3814 1031/900/3815 1033/904/3816
f 1036/2193/3817 1034/2194/3818 1033/2195/3819 1035/2196/3820
f 1038/909/3821 1036/910/3822 1035/911/3823 1037/912/3824
f 1029/915/3825 1038/909/3826 1037/912/3827 1030/916/3828
f 1027/2188/3829 1030/2187/3830 1039/2189/3831 1048/2190/3832
f 1031/900/3833 1027/899/3834 1048/901/3835 1040/902/3836
f 1049/907/3837 1033/904/3838 1031/900/3839 1040/902/3840
f 1035/2196/3841 1033/2195/3842 1049/2197/3843 1050/2198/3844
f 1037/912/3845 1035/911/3846 1050/913/3847 1041/914/3848
f 1030/916/3849 1037/912/3850 1041/914/3851 1039/919/3852
f 1039/2189/3853 1043/2191/3854 1042/2192/3855 1048/2190/3856
f 1048/901/3857 1042/905/3858 1044/906/3859 1040/902/3860
f 1049/907/3861 1040/902/3862 1044/906/3863 1045/908/3864
f 1049/2197/3865 1045/2199/3866 1046/2200/3867 1050/2198/3868
f 1050/913/3869 1046/917/3870 1047/918/3871 1041/914/3872
f 1041/914/3873 1047/918/3874 1043/920/3875 1039/919/3876
f 1043/1733/3877 1047/1734/3878 1042/1735/3879
f 1047/1734/3880 1046/1737/3881 1045/1736/3882
f 1045/1736/3883 1044/1738/3884 1042/1735/3885
f 1047/1734/3886 1045/1736/3887 1042/1735/3888
f 1028/1739/3889 1032/1740/3890 1029/1741/3891
f 1032/1740/3892 1034/1743/3893 1036/1742/3894
f 1036/1742/3895 1038/1744/3896 1029/1741/3897
f 1032/1740/3898 1036/1742/3899 1029/1741/3900
f 1052/2201/3901 1053/2202/3902 1054/2203/3903 1051/2204/3904
f 1056/921/3905 1052/922/3906 1051/923/3907 1055/924/3908
f 1058/927/3909 1056/921/3910 1055/924/3911 1057/928/3912
f 1060/2209/3913 1058/2210/3914 1057/2211/3915 1059/2212/3916
f 1062/933/3917 1060/934/3918 1059/935/3919 1061/936/3920
f 1053/939/3921 1062/933/3922 1061/936/3923 1054/940/3924
f 1051/2204/3925 1054/2203/3926 1063/2205/3927 1072/2206/3928
f 1055/924/3929 1051/923/3930 1072/925/3931 1064/926/3932
f 1073/931/3933 1057/928/3934 1055/924/3935 1064/926/3936
f 1059/2212/3937 1057/2211/3938 1073/2213/3939 1074/2214/3940
f 1061/936/3941 1059/935/3942 1074/937/3943 1065/938/3944
f 1054/940/3945 1061/936/3946 1065/938/3947 1063/943/3948
f 1063/2205/3949 1067/2207/3950 1066/2208/3951 1072/2206/3952
f 1072/925/3953 1066/929/3954 1068/930/3955 1064/926/3956
f 1073/931/3957 1064/926/3958 1068/930/3959 1069/932/3960
f 1073/2213/3961 1069/2215/3962 1070/2216/3963 1074/2214/3964
f 1074/937/3965 1070/941/3966 1071/942/3967 1065/938/3968
f 1065/938/3969 1071/942/3970 1067/944/3971 1063/943/3972
f 1067/1745/3973 1071/1746/3974 1066/1747/3975
f 1071/1746/3976 1070/1749/3977 1069/1748/3978
f 1069/1748/3979 1068/1750/3980 1066/1747/3981
f 1071/1746/3982 1069/1748/3983 1066/1747/3984
f 1052/1751/3985 1056/1752/3986 1053/1753/3987
f 1056/1752/3988 1058/1755/3989 1060/1754/3990
f 1060/1754/3991 1062/1756/3992 1053/1753/3993
f 1056/1752/3994 1060/1754/3995 1053/1753/3996
f 1075/2217/3997 1078/2218/3998 1079/2219/3999 1080/2220/4000
f 1078/2218/4001 1077/2221/4002 1081/2222/4003 1079/2219/4004
f 1077/2221/4005 1076/2223/4006 1082/2224/4007 1081/2222/4008
f 1076/2225/4009 1075/2217/4010 1080/2220/4011 1082/2226/4012
f 1080/2220/4013 1079/2219/4014 1083/2227/4015 1084/2228/4016
f 1079/2219/4017 1081/2222/4018 1085/2229/4019 1083/2227/4020
f 1081/2222/4021 1082/2224/4022 1086/2230/4023 1085/2229/4024
f 1082/2226/4025 1080/2220/4026 1084/2228/4027 1086/2231/4028
f 1084/2228/4029 1083/2227/4030 1087/2232/4031 1088/2233/4032
f 1083/2227/4033 1085/2229/4034 1089/2234/4035 1087/2232/4036
f 1085/2229/4037 1086/2230/4038 1090/2235/4039 1089/2234/4040
f 1086/2231/4041 1084/2228/4042 1088/2233/4043 1090/2236/4044
f 1092/2237/4045 1093/2238/4046 1094/2239/4047 1091/2240/4048
f 1095/2241/4049 1096/2242/4050 1093/2238/4051 1092/2237/4052
f 1097/2243/4053 1098/2244/4054 1096/2242/4055 1095/2241/4056
f 1091/2240/4057 1094/2239/4058 1098/2245/4059 1097/2246/4060
f 1088/2233/4061 1087/2232/4062 1092/2237/4063 1091/2240/4064
f 1087/2232/4065 1089/2234/4066 1095/2241/4067 1092/2237/4068
f 1089/2234/4069 1090/2235/4070 1097/2243/4071 1095/2241/4072
f 1090/2236/4073 1088/2233/4074 1091/2240/4075 1097/2246/4076
f 1099/2247/4077 1100/2248/4078 1101/2249/4079 1102/2250/4080
f 1100/2251/4081 1103/2252/4082 1104/2253/4083 1101/2254/4084
f 1103/2255/4085 1105/2256/4086 1106/2257/4087 1104/2258/4088
f 1105/2259/4089 1099/2247/4090 1102/2250/4091 1106/2260/4092
f 1102/2250/4093 1101/2249/4094 1108/2261/4095 1107/2262/4096
f 1106/2260/4097 1102/2250/4098 1107/2262/4099 1109/2263/4100
f 1104/2258/4101 1106/2257/4102 1109/2264/4103 1110/2265/4104
f 1101/2254/4105 1104/2253/4106 1110/2266/4107 1108/2267/4108
f 1107/2268/4109 1108/2269/4110 1094/2239/4111 1093/2238/4112
f 1109/2270/4113 1107/2268/4114 1093/2238/4115 1096/2242/4116
f 1110/2271/4117 1109/2270/4118 1096/2242/4119 1098/2244/4120
f 1108/2269/4121 1110/2272/4122 1098/2245/4123 1094/2239/4124
f 1099/2247/4125 1111/2273/4126 1112/2274/4127 1100/2248/4128
f 1105/2259/4129 1113/2275/4130 1111/2273/4131 1099/2247/4132
f 1103/2255/4133 1114/2276/4134 1113/2277/4135 1105/2256/4136
f 1100/2251/4137 1112/2278/4138 1114/2279/4139 1103/2252/4140
f 1116/2280/4141 1117/2281/4142 1118/2282/4143 1115/2283/4144
f 1120/2284/4145 1116/2280/4146 1115/2283/4147 1119/2285/4148
f 1122/2286/4149 1120/2284/4150 1119/2285/4151 1121/2287/4152
f 1117/2281/4153 1122/2288/4154 1121/2289/4155 1118/2282/4156
f 1123/2290/4157 1124/2291/4158 1115/2292/4159 1118/2293/4160
f 1124/2291/4161 1125/2294/4162 1119/2295/4163 1115/2292/4164
f 1125/2296/4165 1126/2297/4166 1121/2298/4167 1119/2299/4168
f 1126/2300/4169 1123/2301/4170 1118/2302/4171 1121/2303/4172
f 1124/2291/4173 1123/2290/4174 1112/2274/4175 1111/2273/4176
f 1125/2294/4177 1124/2291/4178 1111/2273/4179 1113/2275/4180
f 1126/2297/4181 1125/2296/4182 1113/2277/4183 1114/2276/4184
f 1123/2301/4185 1126/2300/4186 1114/2279/4187 1112/2278/4188
f 1117/2281/4189 1116/2280/4190 1127/2304/4191 1128/2305/4192
f 1116/2280/4193 1120/2284/4194 1129/2306/4195 1127/2304/4196
f 1120/2284/4197 1122/2286/4198 1130/2307/4199 1129/2306/4200
f 1122/2288/4201 1117/2281/4202 1128/2305/4203 1130/2308/4204
f 1127/2304/4205 1131/2309/4206 1132/2310/4207 1128/2305/4208
f 1129/2306/4209 1133/2311/4210 1131/2309/4211 1127/2304/4212
f 1130/2307/4213 1134/2312/4214 1133/2311/4215 1129/2306/4216
f 1128/2305/4217 1132/2310/4218 1134/2313/4219 1130/2308/4220
f 1132/2310/4221 1131/2309/4222 1135/2314/4223 1136/2315/4224
f 1131/2309/4225 1133/2311/4226 1137/2316/4227 1135/2314/4228
f 1133/2311/4229 1134/2312/4230 1138/2317/4231 1137/2316/4232
f 1134/2313/4233 1132/2310/4234 1136/2315/4235 1138/2318/4236
f 1136/2315/4237 1135/2314/4238 1139/2319/4239 1140/2320/4240
f 1135/2314/4241 1137/2316/4242 1141/2321/4243 1139/2319/4244
f 1137/2316/4245 1138/2317/4246 1142/2322/4247 1141/2321/4248
f 1138/2318/4249 1136/2315/4250 1140/2320/4251 1142/2323/4252
f 1141/2324/4253 1142/2325/4254 1140/2326/4255 1139/2327/4256
